date,open,high,low,close,volume
2017-10-02,0.0010754299582913,0.0011326499516144,0.0010550100123509,0.0010853599524125,3145110.0
2017-10-03,0.0010845500510185,0.001115130027756,0.0010038500186055,0.0011083900462836,2044110.0
2017-10-04,0.0011209199437871,0.0011209199437871,0.0009380599949508,0.001024379977025,2119210.0
2017-10-05,0.0010159800294786,0.0010752199450507,0.000978932948783,0.001001329976134,2656730.0
2017-10-06,0.0010029099648818,0.001084930030629,0.0009952059481292,0.0010560300434008,1505160.0
2017-10-07,0.0010789900552481,0.0011285099899396,0.0010213699424639,0.0010660999687388,1488520.0
2017-10-08,0.0010718499543145,0.0011358100455254,0.0010288699995726,0.001055910019204,2242630.0
2017-10-09,0.0010559300426393,0.0010659500258043,0.0009626270039007,0.0009907169733196,3065770.0
2017-10-10,0.0009804189903661,0.0010474399896338,0.0009523699991405,0.0010356799466535,1909730.0
2017-10-11,0.0010353899560868,0.0010799899464473,0.0009955839486792,0.0010461299680173,2390280.0
2017-10-12,0.0010569900041446,0.0010964899556711,0.001031200052239,0.0010620099492371,3146680.0
2017-10-13,0.0010643600253388,0.0010849400423467,0.0009764619753696,0.0010657999664545,6885520.0
2017-10-14,0.0010469299741089,0.0011150300269946,0.001026349957101,0.0011097700335085,2216010.0
2017-10-15,0.0010965400142595,0.0011652100365608,0.0010453700087964,0.0011062399717047,2164040.0
2017-10-16,0.001106770010665,0.00125377997756,0.0010558699723333,0.0011641000164672,6552920.0
2017-10-17,0.0011608100030571,0.0011899799574166,0.0010633299825713,0.0010673500364646,7260740.0
2017-10-18,0.0010656899539753,0.0010789099615067,0.000974586000666,0.0010474199661985,2446530.0
2017-10-19,0.0010562499519437,0.0010952500160783,0.001044990029186,0.0010635199723765,2189610.0
2017-10-20,0.0010712300427258,0.0010975600453093,0.0010346800554543,0.001050189952366,3244930.0
2017-10-21,0.0010475500021129,0.001068320008926,0.0009587769745849,0.0010067799594253,3157240.0
2017-10-22,0.0010082400403916,0.0010767900384962,0.0009757690131664,0.0010228599421679,2583310.0
2017-10-23,0.0010224500438198,0.0010533400345593,0.0009594589937478,0.0010155600029975,3524540.0
2017-10-24,0.001013149973005,0.0011391099542379,0.0009651589789427,0.0010922900401055,5253740.0
2017-10-25,0.0010999999940395,0.0010999999940395,0.0010089100105687,0.0010557100176811,2198320.0
2017-10-26,0.0010550799779593,0.0010897900210693,0.0010170199675485,0.0010513899615034,1559670.0
2017-10-27,0.0010519300121814,0.0010871900012716,0.0010237699607387,0.0010522600496187,1414540.0
2017-10-28,0.00104043004103,0.0011598699493333,0.0009923089528456,0.0010371799580752,1072410.0
2017-10-29,0.0010373799595981,0.0012369100004434,0.0009927779901772,0.0011731700506061,19651600.0
2017-10-30,0.0012243100209161,0.0012278299545869,0.0011028900044038,0.0011507399613037,2979150.0
2017-10-31,0.0011432899627834,0.0011964800069108,0.0011062299599871,0.0011242399923503,3075460.0
2017-11-01,0.0011427899589762,0.00117483001668,0.0010896499734371,0.0011376700131222,2821950.0
2017-11-02,0.0011085999431088,0.0011847600108012,0.0010498199844732,0.0011513800127431,5326660.0
2017-11-03,0.0011569299967959,0.0012147199595347,0.0011074399808421,0.0011208599898964,2813240.0
2017-11-04,0.0011427199933677,0.0012424699962139,0.0010977999772876,0.0011887300061061,1986450.0
2017-11-05,0.0011680399766191,0.0012361699482426,0.0011422999668866,0.0011823800159618,1668270.0
2017-11-06,0.0011713600251823,0.0012425299501046,0.0011448200093582,0.0011536000529304,1997300.0
2017-11-07,0.0011565600289031,0.0012143800267949,0.0011502100387588,0.0011773699661716,2251920.0
2017-11-08,0.0011750699486583,0.00125982996542,0.0011480000102892,0.0012217899784445,3528340.0
2017-11-09,0.0012065400369465,0.0014150299830362,0.0011808100389316,0.0014150299830362,6259550.0
2017-11-10,0.0014211899833753,0.0014305199729278,0.0011246399953961,0.0011626400519162,4246520.0
2017-11-11,0.0011455500498414,0.0012574599822983,0.0011406999547034,0.0012010600185021,2231080.0
2017-11-12,0.0011885600397363,0.001209820038639,0.0010015800362452,0.0010380099993199,3288960.0
2017-11-13,0.0010463900398463,0.0012116100406274,0.001019429997541,0.0012111200485378,2481270.0
2017-11-14,0.0012007500045001,0.0012390499468892,0.0011310699628666,0.0011843000538647,2660340.0
2017-11-15,0.0011891400208696,0.0013513000449165,0.0011786400573328,0.0013387299841269,2840180.0
2017-11-16,0.0013479100307449,0.0014235300477594,0.001286490005441,0.0013902899809181,3423010.0
2017-11-17,0.0013812499819323,0.001394490012899,0.0012743700062856,0.001313199987635,2787480.0
2017-11-18,0.001308019971475,0.0013845900539308,0.0012540100142359,0.0013728899648413,1648260.0
2017-11-19,0.0013552600285038,0.0014214300317689,0.0013404600322246,0.0013762400485575,1431720.0
2017-11-20,0.0013744300231337,0.0014281399780884,0.0013478000182658,0.0013935599708929,2141360.0
2017-11-21,0.0014104200527071,0.0014457399956882,0.0013019499601796,0.0013890899717807,3047660.0
2017-11-22,0.0014011800521984,0.002052699914202,0.0013730799546465,0.0018230000277981,18841700.0
2017-11-23,0.0018192500574514,0.0022463300265371,0.0018192500574514,0.0018908400088548,26126500.0
2017-11-24,0.0019404599443078,0.0019777200650423,0.0017883200198411,0.0019081400241702,9585960.0
2017-11-25,0.0019226700533181,0.0020716900471597,0.0018768400186672,0.0020716900471597,5430930.0
2017-11-26,0.0020725999493151,0.0021324900444597,0.0018798200180754,0.0020264100749045,7670430.0
2017-11-27,0.0019994999747723,0.0020356099121272,0.0018909500213339,0.0019879899919033,6185790.0
2017-11-28,0.0019913399592041,0.0023625399917364,0.0019490299746394,0.0023625399917364,8317540.0
2017-11-29,0.0023328599054366,0.0025808899663388,0.001992949983105,0.0020804400555789,11077200.0
2017-11-30,0.002047810005024,0.0022707399912178,0.001890409970656,0.0020791499409824,4919490.0
2017-12-01,0.0020508000161498,0.0022365900222212,0.0019706999883055,0.0021480401046574,5258110.0
2017-12-02,0.0021217400208115,0.0022121500223875,0.0020174200180917,0.0021486200857907,4978180.0
2017-12-03,0.0020921099931001,0.0023403400555253,0.0020706499926745,0.0022230600006878,4751640.0
2017-12-04,0.0022062500938773,0.0024747399147599,0.0021778100635856,0.0024634599685668,6307150.0
2017-12-05,0.0024741499219089,0.0026762699708342,0.0024260398931801,0.0024794898927211,8772420.0
2017-12-06,0.0024945701006799,0.0026625900063663,0.0024397200904786,0.0026625900063663,9047960.0
2017-12-07,0.0025814198888838,0.0028580299112945,0.0025152899324893,0.0027201399207115,15759300.0
2017-12-08,0.0027299600187689,0.0028460898902267,0.0023261900059878,0.0027790800668299,11797600.0
2017-12-09,0.0027715200558304,0.0028462100308388,0.0024253900628536,0.0026168799959123,6564530.0
2017-12-10,0.0026072401087731,0.0027423400897532,0.0023065300192683,0.0025466799270361,5614920.0
2017-12-11,0.0025633999612182,0.0028942800126969,0.0025339100975543,0.0027976499404758,7017140.0
2017-12-12,0.0027942999731749,0.0033805100247263,0.0026648000348359,0.0033038998953998,19228600.0
2017-12-13,0.0033059900160878,0.0038839399348944,0.00321770994924,0.0034608200658112,31150900.0
2017-12-14,0.003449419979006,0.0037175100296735,0.0034191000740975,0.003709030104801,23426200.0
2017-12-15,0.0036704500671476,0.0038089000154286,0.003483329899609,0.0037619299255311,19043800.0
2017-12-16,0.0037671499885618,0.0062508601695299,0.0036377098876982,0.0059332898817956,136352992.0
2017-12-17,0.0059167398139834,0.0076275398023426,0.0055863298475742,0.0059838099405169,99417200.0
2017-12-18,0.0059383600018918,0.006808899808675,0.0056221298873424,0.0064326799474656,44158800.0
2017-12-19,0.0064015202224254,0.0066925399005413,0.0054755201563239,0.0056659700348973,38885700.0
2017-12-20,0.0056194700300693,0.0070671797730028,0.0048917401582002,0.006661320105195,67820000.0
2017-12-21,0.0067331800237298,0.0087677501142025,0.0065827798098325,0.0074245701543986,159154000.0
2017-12-22,0.0073863598518073,0.0076251900754868,0.004742229823023,0.0060537299141287,63693900.0
2017-12-23,0.0061345999129116,0.0080756898969411,0.0061096400022506,0.0072592101059854,70143104.0
2017-12-24,0.0072819399647414,0.0089481296017766,0.0059742000885307,0.0085824104025959,143767008.0
2017-12-25,0.0086485398933291,0.0107287997379899,0.0085819298401474,0.008930779993534,178008992.0
2017-12-26,0.0089354002848267,0.0096229203045368,0.0081726303324103,0.009411440230906,124427000.0
2017-12-27,0.0093422401696443,0.0096085304394364,0.0085136601701378,0.0088720601052045,63625500.0
2017-12-28,0.0088560199365019,0.0088560199365019,0.0077166999690234,0.0084857596084475,51201500.0
2017-12-29,0.0085130799561738,0.0094769103452563,0.008155439980328,0.0093908999115228,62474900.0
2017-12-30,0.0093646999448537,0.0094456300139427,0.0073883300647139,0.0078604500740766,56175300.0
2017-12-31,0.0078027700074017,0.0092744501307606,0.0076685198582708,0.0089715896174311,62256400.0
2018-01-01,0.0090308897197246,0.009063409641385,0.0081009101122617,0.0089086703956127,50616900.0
2018-01-02,0.0088726496323943,0.0095983697101473,0.0085506699979305,0.0091450903564691,89424096.0
2018-01-03,0.0090881204232573,0.0095844399183988,0.0088821202516555,0.0093196900561451,66349900.0
2018-01-04,0.0093457298353314,0.0100362999364733,0.0087678898125886,0.0096439402550458,108986000.0
2018-01-05,0.0096601601690053,0.0122830998152494,0.0095888003706932,0.0121670998632907,212383008.0
2018-01-06,0.0122264996170997,0.0157878007739782,0.0122264996170997,0.0148628996685147,283716992.0
2018-01-07,0.0146727003157138,0.0187733005732297,0.0145773002877831,0.0170876998454332,288184000.0
2018-01-08,0.0171146001666784,0.0176644008606672,0.0137652000412344,0.0150450002402067,235114000.0
2018-01-09,0.0150715000927448,0.0155686000362038,0.0130153000354766,0.0134201003238558,115255000.0
2018-01-10,0.0135540999472141,0.0135604999959468,0.0114850001409649,0.0131021002307534,100243000.0
2018-01-11,0.0130196996033191,0.0131532000377774,0.0109874000772833,0.0114692999050021,62722000.0
2018-01-12,0.0114794000983238,0.0133386002853512,0.0111648999154567,0.013056100346148,56971300.0
2018-01-13,0.013057000003755,0.0136526999995112,0.0124784000217914,0.0130233997479081,55890600.0
2018-01-14,0.0130573995411396,0.0131871998310089,0.0113438004627823,0.0116844996809959,65899000.0
2018-01-15,0.0116306003183126,0.0117785995826125,0.009848260320723,0.0098570203408598,62765500.0
2018-01-16,0.0098633002489805,0.0098633002489805,0.0056716799736022,0.0068221599794924,68099200.0
2018-01-17,0.0068115801550447,0.0077407299540936,0.0054993401281535,0.0076479101553559,58846200.0
2018-01-18,0.007640509866178,0.0087329698726534,0.0071951798163354,0.0079689295962452,56599300.0
2018-01-19,0.0078721502795815,0.0084351496770977,0.0074669099412858,0.0078705996274948,30335700.0
2018-01-20,0.0079571902751922,0.0086485398933291,0.0079571902751922,0.0084475995972752,22974100.0
2018-01-21,0.0084376698359847,0.0084376698359847,0.0069826301187276,0.0071311499923467,22933100.0
2018-01-22,0.007198569830507,0.0076056099496781,0.0063176997937262,0.0067335600033402,19968600.0
2018-01-23,0.0067229499109089,0.0070490799844264,0.006227680016309,0.0066733499988913,17882700.0
2018-01-24,0.0066419099457561,0.0072169601917266,0.0064725000411272,0.007083139847964,17449900.0
2018-01-25,0.0071548698469996,0.007762880064547,0.007123639807105,0.007666639983654,21329400.0
2018-01-26,0.0077024199999868,0.0079817501828074,0.0067949499934911,0.0072367098182439,19572300.0
2018-01-27,0.0072397999465465,0.0075450497679412,0.0071679498068988,0.0073727201670408,11672900.0
2018-01-28,0.0074088601395487,0.00768135022372,0.0073368200100958,0.00746456021443,14070700.0
2018-01-29,0.0074014700949192,0.0075218500569462,0.006863220129162,0.0069669499062001,13073100.0
2018-01-30,0.0069686598144471,0.0069921901449561,0.0059424298815429,0.0060236798599362,15855900.0
2018-01-31,0.0060005402192473,0.0062190699391067,0.0057515101507306,0.0060102101415395,14754700.0
2018-02-01,0.0060214400291442,0.0060904799029231,0.004790720064193,0.0050291498191654,18748700.0
2018-02-02,0.0050225700251758,0.0050225700251758,0.0033096300903707,0.0044746799394488,29913700.0
2018-02-03,0.0045012701302766,0.0054953200742602,0.0041593802161514,0.0051641198806464,18018100.0
2018-02-04,0.005182109773159,0.0053172600455582,0.0041759801097214,0.0043990002013742,12961600.0
2018-02-05,0.0043967901729047,0.004469689913094,0.0033755900803953,0.0035331998951733,12489400.0
2018-02-06,0.0035442099906504,0.0044213701039552,0.0030358999501913,0.0043606702238321,19139100.0
2018-02-07,0.004314110148698,0.0048003401607275,0.0039343400858342,0.0042969300411641,12990100.0
2018-02-08,0.0042630000971257,0.0048715099692344,0.0042630000971257,0.0045661199837923,9462680.0
2018-02-09,0.0045598298311233,0.005010980181396,0.0043131601996719,0.0050001498311758,11190100.0
2018-02-10,0.0049817198887467,0.0054406500421464,0.0047444198280572,0.0049894601106643,16717300.0
2018-02-11,0.0049683698453009,0.0051825297996401,0.004605540074408,0.0049563799984753,11309800.0
2018-02-12,0.0049644000828266,0.0055082500912249,0.0049644000828266,0.0054720998741686,11124300.0
2018-02-13,0.0054746498353779,0.0056780502200126,0.0052708499133586,0.0056375199928879,14149700.0
2018-02-14,0.0056304498575627,0.0067858700640499,0.0056304498575627,0.0067303101532161,40527400.0
2018-02-15,0.0067170900292694,0.0079477103427052,0.006714419927448,0.007347309961915,43275000.0
2018-02-16,0.0072954599745571,0.0074846199713647,0.0065292702056467,0.0070336898788809,26553900.0
2018-02-17,0.0070639201439917,0.0073222699575126,0.0068526598624885,0.0070494301617145,18333100.0
2018-02-18,0.0071140401996672,0.0071442602202296,0.0063301101326942,0.0064244898967444,15291500.0
2018-02-19,0.0064098602160811,0.0069381999783217,0.0063413698226213,0.0066966698504984,13019200.0
2018-02-20,0.0066791200079023,0.008288100361824,0.0063989800401031,0.0070944498293101,107911000.0
2018-02-21,0.0070870998315513,0.0073913601227104,0.0063489601016044,0.0065809399820864,36813100.0
2018-02-22,0.006567670032382,0.006868639960885,0.0060817799530923,0.0062587698921561,20365500.0
2018-02-23,0.0062529598362743,0.006949330214411,0.0060378699563443,0.0066478899680078,19390500.0
2018-02-24,0.006666210014373,0.0068981000222265,0.0061305700801312,0.0063242898322641,15687300.0
2018-02-25,0.0063213701359927,0.0064108897931873,0.0059965099208056,0.0061423601582646,11758800.0
2018-02-26,0.0061686099506914,0.0064992299303412,0.0059615699574351,0.0063389199785888,12068600.0
2018-02-27,0.0063627301715314,0.006574269849807,0.0062702097930014,0.0062911100685596,12201900.0
2018-02-28,0.0062700198031961,0.0064507401548326,0.006006009876728,0.0060182698071002,13227600.0
2018-03-01,0.0060420399531722,0.0063195801340043,0.0059446902014315,0.0062149800360202,15518400.0
2018-03-02,0.0061742002144455,0.0062323701567947,0.0054470398463308,0.005481659900397,22498100.0
2018-03-03,0.0054936399683356,0.0057560098357498,0.0051807900890707,0.0053007900714874,21545000.0
2018-03-04,0.0052344901487231,0.0055017699487507,0.0051638800650835,0.0055017699487507,12133500.0
2018-03-05,0.0054617999121546,0.0055348398163914,0.0051568900234997,0.0052175400778651,13627700.0
2018-03-06,0.0051222499459981,0.0051358500495553,0.0045578801073133,0.0046101999469101,14766900.0
2018-03-07,0.0046181702055037,0.0047043901868164,0.0040109101682901,0.0040242401883006,17585500.0
2018-03-08,0.0040148999541997,0.0044180401600897,0.0038953199982643,0.0040249098092317,15499400.0
2018-03-09,0.0040062498301267,0.0041457298211753,0.0036175400018692,0.0041457298211753,13624400.0
2018-03-10,0.0041370098479092,0.0043791099451482,0.0039500598795711,0.0039727902039885,9880540.0
2018-03-11,0.0039592799730598,0.0043195700272917,0.0038429300766438,0.0042095598764717,9251440.0
2018-03-12,0.0042066602036356,0.0042727901600301,0.0038349900860339,0.0040315599180758,7601500.0
2018-03-13,0.00401974003762,0.0042342799715697,0.0038791599217802,0.0039602001197636,6006560.0
2018-03-14,0.0039544999599456,0.0040175202302634,0.0034225101117044,0.0035235800314694,7532350.0
2018-03-15,0.0035210999194532,0.0036194799467921,0.0032674700487405,0.00353589002043,9316740.0
2018-03-16,0.00354192010127,0.0036550699733197,0.0034408499486744,0.0035104600246995,6407110.0
2018-03-17,0.0035048299469053,0.0035498898942023,0.0032493800390511,0.0032986900769174,6231110.0
2018-03-18,0.0032803399953991,0.0032803399953991,0.0027897299733012,0.0031902201008051,9029610.0
2018-03-19,0.0031988199334591,0.003504280000925,0.0031437200959771,0.0034400299191474,8278910.0
2018-03-20,0.0034660398960113,0.0037270500324666,0.0033884700387716,0.0036508298944681,6638060.0
2018-03-21,0.0036514999810606,0.0038334599230438,0.0036061299033463,0.0036585798952728,6711100.0
2018-03-22,0.0036659201141446,0.0037260700482875,0.0034428499639034,0.00352811999619,5210480.0
2018-03-23,0.0035325700882822,0.003559639910236,0.0033410498872399,0.003559639910236,6178530.0
2018-03-24,0.0035971899051219,0.00372677994892,0.0035103899426758,0.0035902399104088,4461220.0
2018-03-25,0.003549660090357,0.0035758700687438,0.003462869906798,0.0035051999147981,3476340.0
2018-03-26,0.0034978599287569,0.0035410500131547,0.0031406399793922,0.0032893700990825,6061990.0
2018-03-27,0.0032755099236965,0.003282600082457,0.0031084700021892,0.0031448900699615,5235300.0
2018-03-28,0.0031343200244009,0.0032439499627798,0.0031137100886553,0.0031406299676746,4912220.0
2018-03-29,0.0031706599984318,0.0031774200033396,0.0027575900312513,0.0028266198933124,5630550.0
2018-03-30,0.0028114800807088,0.0028898699674755,0.0026475100312381,0.002763079944998,5378440.0
2018-03-31,0.0027515098918229,0.0028966800309717,0.0026990300975739,0.0028193900361657,3505010.0
2018-04-01,0.0028183399699628,0.0028690800536423,0.0025952099822461,0.0027186800725758,3373820.0
2018-04-02,0.0027311099693179,0.0028137299232184,0.0027039400301873,0.0027972199022769,5034000.0
2018-04-03,0.0027941099833697,0.0029927999712526,0.0027799399103969,0.0029795600567013,6618080.0
2018-04-04,0.0029823400545865,0.0030064100865274,0.002717460040003,0.0027702799998223,5330250.0
2018-04-05,0.002784889889881,0.0027908599004149,0.0026537799276411,0.0027135699056088,4829150.0
2018-04-06,0.0027149100787937,0.0027369998861104,0.0026142599526792,0.0026700100861489,2848290.0
2018-04-07,0.0026819300837814,0.0028646900318562,0.0026685099583119,0.0028016900178045,3034220.0
2018-04-08,0.002786329947412,0.0029070600867271,0.002786329947412,0.0028427399229258,3683180.0
2018-04-09,0.0028552399016916,0.0029285999480634,0.0027238000184297,0.0027627300005406,4827250.0
2018-04-10,0.0027589600067585,0.0030726199038326,0.0027396399527788,0.0030425700824707,10212100.0
2018-04-11,0.0030386899597942,0.0034988499246537,0.0030133801046758,0.0033964100293815,25292400.0
2018-04-12,0.003373929997906,0.0037981600034981,0.0032554399222135,0.0037981600034981,13877700.0
2018-04-13,0.0037818099372088,0.0042943600565195,0.0037504800129681,0.0039948797784745,18150400.0
2018-04-14,0.0039577498100697,0.0042184297926723,0.0039242701604962,0.0041504898108541,13585900.0
2018-04-15,0.0041351001709699,0.0046143801882863,0.0041351001709699,0.0045712101273238,11867500.0
2018-04-16,0.0045877899974584,0.004919699858874,0.0043908199295401,0.004584529902786,22272600.0
2018-04-17,0.0045879101380705,0.0048691700212657,0.0045153200626373,0.0047435401938855,17139500.0
2018-04-18,0.004712370224297,0.0054680998437106,0.0047080498188734,0.0054120700806379,21720200.0
2018-04-19,0.0053965700790286,0.0058238599449396,0.0053204400464892,0.0058238599449396,27012500.0
2018-04-20,0.0058344099670648,0.0059580598026514,0.0056981798261404,0.0058926399797201,23110700.0
2018-04-21,0.0058778999373316,0.0058866902254521,0.0051937298849225,0.0054132500663399,25007100.0
2018-04-22,0.0054422398097813,0.0057727498933672,0.0053276401013135,0.0055387401953339,18456900.0
2018-04-23,0.0055454499088227,0.0057066897861659,0.0053996001370251,0.0054817497730255,33576300.0
2018-04-24,0.0054886699654161,0.0059076300822198,0.0054821302182972,0.0058001498691737,36637000.0
2018-04-25,0.0058785998262465,0.0059186299331486,0.0049473000690341,0.0050931200385093,38270000.0
2018-04-26,0.0051283300854265,0.0056764301843941,0.0048957099206745,0.0056266100145876,41358700.0
2018-04-27,0.0055826897732913,0.0057391598820686,0.0052959700115025,0.0054215299896895,38969800.0
2018-04-28,0.0053639197722077,0.0056219398975372,0.0053143701516091,0.0053572398610413,35916600.0
2018-04-29,0.0054700598120689,0.0055579799227416,0.0052224001847207,0.0054590702056884,37883800.0
2018-04-30,0.005405010189861,0.0055344002321362,0.0051363902166485,0.0052104298956692,36411800.0
2018-05-01,0.0052718301303684,0.0052718301303684,0.0048990398645401,0.0051442701369524,11657500.0
2018-05-02,0.0051143798045814,0.0054152300581336,0.0050412900745868,0.0052728899754583,49958400.0
2018-05-03,0.0053343898616731,0.0056491801515221,0.0052117300219833,0.0056409901008009,50484900.0
2018-05-04,0.0055327401496469,0.0055548199452459,0.0052049099467694,0.0052685397677123,14434200.0
2018-05-05,0.0052667697891592,0.0053468598052859,0.0050259600393474,0.005180450156331,30335800.0
2018-05-06,0.0052020400762557,0.0052592800930142,0.0047251698561012,0.0049695600755512,33446900.0
2018-05-07,0.0049659200012683,0.005017050076276,0.0046323197893798,0.0048174299299716,25891500.0
2018-05-08,0.0048331702128052,0.0053561301901936,0.0047917999327182,0.0053030801936984,40660100.0
2018-05-09,0.0052732499316334,0.0053235599771142,0.0046520200558006,0.0050925500690937,33562300.0
2018-05-10,0.0048246099613606,0.005296119954437,0.0045307599939405,0.0048699001781642,34878500.0
2018-05-11,0.0050359899178147,0.0050359899178147,0.0039973598904907,0.0043615801259875,27582800.0
2018-05-12,0.0044497698545455,0.0046683098189532,0.0039175101555883,0.004473459906876,27449400.0
2018-05-13,0.0043067699298262,0.0046218298375606,0.0039653498679399,0.0043287500739097,19823500.0
2018-05-14,0.0044993301853537,0.0045585501939058,0.0042193699628114,0.0044599599204957,12399700.0
2018-05-15,0.0044432901777327,0.0047876802273094,0.0044178902171552,0.0045150402002036,21076900.0
2018-05-16,0.0044743102043867,0.0045502898283302,0.0042596198618412,0.0043853498063981,9611630.0
2018-05-17,0.0043684598058462,0.0044797398149967,0.0041729900985956,0.0041882800869643,17314000.0
2018-05-18,0.0039961300790309,0.0043770098127424,0.0037547599058598,0.0040170899592339,13622000.0
2018-05-19,0.0042166500352323,0.0044281599111855,0.0040048300288617,0.0042857299558818,15007400.0
2018-05-20,0.0042502498254179,0.0044760098680853,0.0039069699123501,0.0044227400794625,15909900.0
2018-05-21,0.0043970700353384,0.0044187698513269,0.0039471997879445,0.0042709298431873,18454500.0
2018-05-22,0.0042117801494896,0.0042806798592209,0.003822759957984,0.0038510600570589,10205700.0
2018-05-23,0.0038580601103603,0.00427385000512,0.0034350000787526,0.0035906499251723,14899100.0
2018-05-24,0.0035901800729334,0.0037130799610167,0.0032479299698024,0.0034991800785064,10460200.0
2018-05-25,0.0034742900170385,0.0036067499313503,0.0033764000982046,0.0035141899716109,10613600.0
2018-05-26,0.0035504600964486,0.0035692399833351,0.0034590000286698,0.0034625800326466,6353660.0
2018-05-27,0.0034640599042177,0.0034796800464391,0.0034011700190603,0.003423870075494,3494870.0
2018-05-28,0.003433380043134,0.0034469799138605,0.0032177900429815,0.0032255700789391,7502800.0
2018-05-29,0.0032259998843073,0.0034463799092918,0.003167730057612,0.0034365700557827,9244550.0
2018-05-30,0.003447150113061,0.003506019944325,0.0033227999228984,0.003353530075401,7463910.0
2018-05-31,0.0034289099276065,0.0035128199961036,0.0033174499403685,0.0033980701118707,8971080.0
2018-06-01,0.0034273499622941,0.0034686001017689,0.0033358300570398,0.0034232100006192,5436780.0
2018-06-02,0.0034182600211352,0.0035843700170516,0.0033995099365711,0.0035579099785536,5918490.0
2018-06-03,0.0035762300249189,0.0037501300685107,0.0035447899717837,0.0036903000436723,19570200.0
2018-06-04,0.0036910299677401,0.0037598500493913,0.0035123398993164,0.0035322098992764,22162200.0
2018-06-05,0.0035376900341361,0.0037223401013761,0.0035141399130225,0.0036539300344884,18819700.0
2018-06-06,0.0036551300436258,0.0038003700319677,0.003573470050469,0.0037868099752813,21273700.0
2018-06-07,0.0037480799946933,0.0038357500452548,0.0037074501160532,0.0037318000104278,6110720.0
2018-06-08,0.0037456098943948,0.0037837100680917,0.0036330400034785,0.0036586299538612,6921140.0
2018-06-09,0.0036582699976861,0.0037110899575054,0.0035933600738644,0.0035933600738644,4672910.0
2018-06-10,0.0035950299352407,0.0035950299352407,0.0031514200381934,0.003182390006259,7439530.0
2018-06-11,0.0031800700817257,0.003247289918363,0.0031020599417388,0.0032342299818992,4841840.0
2018-06-12,0.0032374700531363,0.003273390000686,0.003074930049479,0.0030892000067979,4965300.0
2018-06-13,0.0030915800016373,0.0031154700554907,0.0027780900709331,0.0028168100398033,11074900.0
2018-06-14,0.0028155199252068,0.0030161798931658,0.0028113999869674,0.0029440301004797,9869880.0
2018-06-15,0.0029529500752687,0.002981609897688,0.002837480045855,0.0029009899590164,12125600.0
2018-06-16,0.0028917000163346,0.0029556099325418,0.002829449949786,0.0028947999235242,6642410.0
2018-06-17,0.0029063699766993,0.0029450000729411,0.0028725899755954,0.0028725899755954,6253640.0
2018-06-18,0.002915560035035,0.003080409951508,0.0028314299415796,0.0030274998862296,8143520.0
2018-06-19,0.0030271799769252,0.0030741901136934,0.0029559200629591,0.003033349988982,4460270.0
2018-06-20,0.0030349099542945,0.0030466299504041,0.0029436598997563,0.0030205301009118,3245680.0
2018-06-21,0.0030211799312382,0.0030308200512081,0.0029681199230253,0.0029877698980271,3952000.0
2018-06-22,0.0029828299302607,0.0030040899291634,0.002599739935249,0.002667519962415,9291920.0
2018-06-23,0.0026705400086939,0.0027143300976604,0.0025851600803434,0.0026408298872411,9938440.0
2018-06-24,0.0026350000407546,0.0027107200585305,0.0023309800308197,0.0025098300538957,9879600.0
2018-06-25,0.0024899500422179,0.0025764699093997,0.0023919199593365,0.0024853600189089,5693670.0
2018-06-26,0.0025008800439536,0.0025768401101231,0.0024570899549871,0.0024779299274086,4070170.0
2018-06-27,0.0024839199613779,0.0025081599596887,0.0023346000816673,0.0024373000487685,5765380.0
2018-06-28,0.0024055400863289,0.0025043198838829,0.0023334000725299,0.0023569299373775,3678050.0
2018-06-29,0.0024087599013,0.0024920799769461,0.002293030032888,0.0024271800648421,3832380.0
2018-06-30,0.0024345300626009,0.0025414100382477,0.0024206899106502,0.002499229973182,6122900.0
2018-07-01,0.0025082400534301,0.0025536199100315,0.002456430112943,0.002489190082997,8435030.0
2018-07-02,0.0024864100851118,0.0027212700806558,0.002428889973089,0.0027031500358134,5812800.0
2018-07-03,0.0026989299803972,0.0027640499174594,0.0026181400753557,0.0026380200870335,5643560.0
2018-07-04,0.0026370100677013,0.0027242200449109,0.0025866699870675,0.0026801698841154,4781340.0
2018-07-05,0.002679290017113,0.0026952000334858,0.0025776999536901,0.0025990200228989,3792270.0
2018-07-06,0.0026095800567418,0.0026188099291175,0.002551200101152,0.0025965799577534,4306990.0
2018-07-07,0.0026008600834757,0.0026463998947292,0.0025472301058471,0.0026446299161762,4205310.0
2018-07-08,0.0026422198861837,0.0026714100968092,0.0025726798921823,0.0026105800643563,5004800.0
2018-07-09,0.0026118599344044,0.0026487000286579,0.0025946400128304,0.0026034500915557,4233540.0
2018-07-10,0.002606299938634,0.0026226199697703,0.0022415500134229,0.0024114800617098,6741490.0
2018-07-11,0.0024058599956333,0.0024750700686126,0.0023527599405497,0.0024250599090009,9788650.0
2018-07-12,0.0023946999572217,0.0024251800496131,0.002244499977678,0.0023060899693518,4220800.0
2018-07-13,0.0023071400355547,0.0023561299312859,0.0022071700077503,0.0023324999492615,6191910.0
2018-07-14,0.0023035299964249,0.0023844400420784,0.002187310019508,0.0023619199637323,4179950.0
2018-07-15,0.0023701100144535,0.002414729911834,0.0023197000846266,0.0023801699280738,3869860.0
2018-07-16,0.0023663400206714,0.0028689398895949,0.0023663400206714,0.0028544899541884,15576200.0
2018-07-17,0.0028120600618422,0.0032612199429422,0.0028013798873871,0.0032278599683195,15429200.0
2018-07-18,0.0032223600428551,0.0043139201588928,0.0031887199729681,0.003712419886142,39281300.0
2018-07-19,0.0036828499287366,0.003949690144509,0.003481320105493,0.0038438700139522,25349600.0
2018-07-20,0.0038290799129754,0.0038364499341696,0.0032938299700617,0.0034099998883903,18017900.0
2018-07-21,0.0034497799351811,0.0035310999955981,0.0032167600002139,0.0032700300216674,13342900.0
2018-07-22,0.0033393700141459,0.0035823199432343,0.0032776601146906,0.0034581299405544,11356800.0
2018-07-23,0.0034684399142861,0.0036378200165927,0.0034191100858151,0.0034310000482946,8372820.0
2018-07-24,0.0034458800218999,0.0036677499301731,0.0033896600361913,0.0036195099819451,10829100.0
2018-07-25,0.0035924399271607,0.003660470014438,0.0033130899537354,0.0035427201073616,13195600.0
2018-07-26,0.0035300299059599,0.0036452400963753,0.0033542399760335,0.0033931899815797,6916450.0
2018-07-27,0.0033881301060318,0.003461190033704,0.0032844298984855,0.0034176399931311,5090340.0
2018-07-28,0.0034084001090377,0.003470370080322,0.0033885498996824,0.0033999299630522,3341480.0
2018-07-29,0.0034135798923671,0.003476730082184,0.0032863900996744,0.0033072000369429,5890530.0
2018-07-30,0.00331273,0.00335193,0.00303085,0.00327264,13732200.0
2018-07-31,0.00332482,0.00332482,0.00285749,0.00294472,14253600.0
2018-08-01,0.0030179,0.0031595,0.00282823,0.0031595,14829700.0
2018-08-02,0.00308042,0.00316344,0.00292686,0.00294594,6942240.0
2018-08-03,0.00295943,0.00296945,0.0028457,0.00291776,9546950.0
2018-08-04,0.00289591,0.00296526,0.00273657,0.00274521,7980110.0
2018-08-05,0.00278258,0.00291526,0.00273315,0.00283718,11384200.0
2018-08-06,0.00287216,0.00290914,0.00273954,0.00277911,5668670.0
2018-08-07,0.0027745,0.00282745,0.00265956,0.00267104,5725520.0
2018-08-08,0.00266903,0.00266903,0.00239552,0.00241452,4879040.0
2018-08-09,0.00240824,0.00259292,0.00238116,0.00255543,7374010.0
2018-08-10,0.00255446,0.00260938,0.00236518,0.00239205,4693290.0
2018-08-11,0.00238044,0.0024601,0.00234472,0.0024036,5083850.0
2018-08-12,0.00239555,0.00243971,0.00236012,0.00240418,3433940.0
2018-08-13,0.00240693,0.00245065,0.00228502,0.0023314,4981090.0
2018-08-14,0.00232042,0.00232459,0.00214332,0.00226024,7512400.0
2018-08-15,0.00225579,0.00241231,0.00224828,0.0023033,5379460.0
2018-08-16,0.0022989,0.0023702,0.00222724,0.00229167,5860370.0
2018-08-17,0.00231577,0.0024783,0.00228459,0.00245482,5233940.0
2018-08-18,0.00247708,0.00249854,0.00236751,0.00239422,6738940.0
2018-08-19,0.00241328,0.00247337,0.00236597,0.00247337,2665100.0
2018-08-20,0.00246443,0.00248538,0.00235992,0.00236862,2424120.0
2018-08-21,0.00236449,0.00243059,0.00236221,0.00242446,2134170.0
2018-08-22,0.00242278,0.00251734,0.00231233,0.00231455,5962320.0
2018-08-23,0.00231484,0.00239743,0.00231308,0.00238532,2596260.0
2018-08-24,0.00239055,0.00243577,0.00235411,0.00242611,3251910.0
2018-08-25,0.00242336,0.00243929,0.00235537,0.00237016,4028740.0
2018-08-26,0.00236777,0.00241316,0.00228763,0.00240447,2912230.0
2018-08-27,0.00240384,0.00246779,0.00238666,0.00246184,3618660.0
2018-08-28,0.00247467,0.00261868,0.0024511,0.00260682,5215460.0
2018-08-29,0.00260662,0.00261973,0.002516,0.00260555,4588400.0
2018-08-30,0.00259765,0.00326927,0.00259616,0.00320647,33967500.0
2018-08-31,0.00321559,0.00484871,0.00321271,0.00479385,77150500.0
2018-09-01,0.00474107,0.00675262,0.00433683,0.00627772,193826000.0
2018-09-02,0.00630987,0.00655392,0.00454785,0.00499909,139429000.0
2018-09-03,0.00502582,0.00555044,0.0049847,0.00526648,57158800.0
2018-09-04,0.00527887,0.00532326,0.0050552,0.00526867,32495100.0
2018-09-05,0.00525912,0.00539404,0.00480941,0.00493072,50536000.0
2018-09-06,0.00492559,0.00509152,0.00466542,0.00500963,32481300.0
2018-09-07,0.00499646,0.00544194,0.00499646,0.00530727,37618700.0
2018-09-08,0.00529772,0.00585809,0.00529772,0.00569173,48248300.0
2018-09-09,0.00571001,0.00584311,0.00570218,0.00582892,32572000.0
2018-09-10,0.00583969,0.00693312,0.00583969,0.00689239,76891600.0
2018-09-11,0.00693134,0.00693134,0.00595313,0.00632889,89882900.0
2018-09-12,0.00632547,0.00645668,0.00619298,0.00645539,59824100.0
2018-09-13,0.00646823,0.00660919,0.00640954,0.0065544,45785700.0
2018-09-14,0.00655846,0.00665787,0.00609473,0.00617982,41910000.0
2018-09-15,0.00618718,0.00626664,0.00613428,0.00616527,16956400.0
2018-09-16,0.00619073,0.006531,0.00614093,0.006531,21598600.0
2018-09-17,0.00654002,0.00654693,0.00615601,0.0062427,26385900.0
2018-09-18,0.00623052,0.00627997,0.00578884,0.00598073,39689500.0
2018-09-19,0.00598412,0.0060305,0.00536025,0.00560898,38645300.0
2018-09-20,0.00560547,0.00590044,0.00560547,0.00569495,25354400.0
2018-09-21,0.00569517,0.0059607,0.00555342,0.00568382,22345300.0
2018-09-22,0.00568237,0.00581716,0.00560411,0.00575805,14917600.0
2018-09-23,0.00576498,0.00590732,0.00573601,0.00590092,12445100.0
2018-09-24,0.00590432,0.00606715,0.0056586,0.00567737,17243600.0
2018-09-25,0.00568023,0.00579404,0.00558667,0.00568552,17598700.0
2018-09-26,0.00569217,0.00575338,0.00566202,0.0056946,11673600.0
2018-09-27,0.00570155,0.00590964,0.00569277,0.00587883,15096200.0
2018-09-28,0.00586412,0.00596538,0.00578302,0.00583053,14461600.0
2018-09-29,0.00583202,0.00589836,0.00576536,0.00586455,15626800.0
2018-09-30,0.00586721,0.00590967,0.0058284,0.00590575,13396600.0
2018-10-01,0.00590114,0.00602391,0.00588118,0.00594179,20096400.0
2018-10-02,0.00592732,0.00596403,0.00578875,0.00582375,15357200.0
2018-10-03,0.00581345,0.00582581,0.0056553,0.00570408,15933900.0
2018-10-04,0.00571176,0.00576746,0.00557642,0.00564533,14529600.0
2018-10-05,0.0056469,0.00574405,0.00562483,0.00566891,12566200.0
2018-10-06,0.00568607,0.00576964,0.00548296,0.00554499,13055500.0
2018-10-07,0.00555912,0.00557503,0.00551151,0.00556225,7755690.0
2018-10-08,0.00557321,0.00565208,0.0055495,0.00557827,12177400.0
2018-10-09,0.00559369,0.00563888,0.00557402,0.00563504,8996090.0
2018-10-10,0.00562828,0.0056477,0.00553109,0.00555174,10274400.0
2018-10-11,0.00554734,0.00554734,0.00490083,0.00500047,18770800.0
2018-10-12,0.00498232,0.00528331,0.00495731,0.00524696,9635600.0
2018-10-13,0.00524473,0.0052717,0.00516303,0.00518179,8095130.0
2018-10-14,0.00517407,0.0052225,0.00514453,0.00515825,7930760.0
2018-10-15,0.00515336,0.00545744,0.00512393,0.00521787,18579800.0
2018-10-16,0.00522191,0.00522191,0.00496604,0.00501733,11794600.0
2018-10-17,0.00500971,0.00502466,0.00449255,0.00459894,24144600.0
2018-10-18,0.00460492,0.0047294,0.00433626,0.00438605,22842600.0
2018-10-19,0.00438907,0.00456611,0.00427344,0.0044702,17274700.0
2018-10-20,0.00450079,0.00455809,0.00444276,0.00455143,7574780.0
2018-10-21,0.00455247,0.00460233,0.0045088,0.00451735,7521080.0
2018-10-22,0.00450755,0.00453483,0.00435693,0.00436553,10602500.0
2018-10-23,0.00437306,0.0044006,0.00413606,0.00417165,12913100.0
2018-10-24,0.00416204,0.00416294,0.00385885,0.00391134,17832300.0
2018-10-25,0.00391211,0.00392056,0.00367618,0.00371707,12336100.0
2018-10-26,0.00370307,0.00398446,0.00370307,0.00398446,16214900.0
2018-10-27,0.00401133,0.00425553,0.00401133,0.00419472,23286000.0
2018-10-28,0.00418804,0.00418804,0.00403466,0.00406299,11694700.0
2018-10-29,0.00404778,0.0040635,0.00383455,0.0038474,14051900.0
2018-10-30,0.00385652,0.00390777,0.00381886,0.00385037,11828900.0
2018-10-31,0.00383545,0.00387259,0.00368998,0.00376395,14273900.0
2018-11-01,0.00375945,0.00395134,0.0037533,0.00377677,10034100.0
2018-11-02,0.00377837,0.00380997,0.00374483,0.00377341,11323400.0
2018-11-03,0.00377595,0.00378612,0.00373046,0.00373344,7815160.0
2018-11-04,0.00374866,0.0037883,0.00367579,0.00367579,8992540.0
2018-11-05,0.00366425,0.00374389,0.00361567,0.00362222,11645300.0
2018-11-06,0.0036323,0.00373196,0.0036158,0.00369623,15554100.0
2018-11-07,0.00369839,0.00371866,0.00362504,0.00363745,10603600.0
2018-11-08,0.003637,0.00365988,0.00337745,0.00338379,13533900.0
2018-11-09,0.0033685,0.00337335,0.00309481,0.00314006,18644000.0
2018-11-10,0.00313517,0.00334743,0.00309235,0.00328455,15996900.0
2018-11-11,0.00327794,0.00328574,0.00314247,0.00316168,8201330.0
2018-11-12,0.00316439,0.00317349,0.00303916,0.00306442,10401200.0
2018-11-13,0.00306598,0.00308662,0.0029432,0.00294538,7309800.0
2018-11-14,0.00294749,0.00295381,0.00261193,0.00269543,15358000.0
2018-11-15,0.00270307,0.00281611,0.00251132,0.00280036,22776600.0
2018-11-16,0.0028032,0.00281902,0.00266716,0.00274601,24758900.0
2018-11-17,0.00274604,0.00277095,0.00256267,0.00259499,18533300.0
2018-11-18,0.00259662,0.00264459,0.0025754,0.00264321,11556400.0
2018-11-19,0.00264136,0.00271725,0.00241492,0.00241767,16481100.0
2018-11-20,0.00241449,0.00243699,0.00218446,0.00225447,20588800.0
2018-11-21,0.00226598,0.00250466,0.00217366,0.00244797,28366700.0
2018-11-22,0.00245402,0.00248111,0.00234438,0.00241199,13264200.0
2018-11-23,0.00240783,0.00241851,0.00229004,0.00236068,11322000.0
2018-11-24,0.00236396,0.00239041,0.0021936,0.00222408,11318100.0
2018-11-25,0.00223039,0.00226191,0.00207276,0.00221991,11793900.0
2018-11-26,0.0022182,0.00225424,0.00203965,0.0020985,11991200.0
2018-11-27,0.00209542,0.00210615,0.0020057,0.00208684,11737900.0
2018-11-28,0.00208866,0.00230213,0.00208315,0.00224621,14675800.0
2018-11-29,0.0022511957213282,0.00227716632764,0.00218591272942,0.00224096012183,12848616.7197877
2018-11-30,0.00224048355877,0.00225467336349,0.00213048324492,0.00216473163969,11289729.1823192
2018-12-01,0.00217541456075,0.00227911071102,0.0021547347576,0.00224997386285,9596326.5456771
2018-12-02,0.00225223542674,0.00227135576925,0.00221579534637,0.00224574077153,9346513.69692851
2018-12-03,0.00224739556181,0.00238555437502,0.00214440001695,0.00237131573235,12481724.4657872
2018-12-04,0.00236995966504,0.00237934748288,0.00217118512006,0.00219582688055,17851388.5861547
2018-12-05,0.00219370959056,0.00225753512879,0.00214263174007,0.00218024624454,20634688.5332709
2018-12-06,0.00217820090735,0.00222738768304,0.00209714230617,0.00209714230617,24766152.2058741
2018-12-07,0.00210374170668,0.00213931621809,0.00203058622092,0.00210404327654,27761895.029927
2018-12-08,0.00209597141469,0.00215713712349,0.00206833393888,0.00212015708059,18741867.6311327
2018-12-09,0.00211278912991,0.00214359316,0.00208891723092,0.00210209894855,16961969.8685691
2018-12-10,0.00209800093711,0.00211882262879,0.00207403745873,0.00209996542049,15898037.633316
2018-12-11,0.00209660106186,0.0021006922524,0.00206458761785,0.00208829660172,16096640.4468821
2018-12-12,0.00208860098446,0.00213736586815,0.0020770775604,0.00211097680037,18564006.8367806
2018-12-13,0.00211819550637,0.00211894205739,0.00204464581367,0.002065276421,17660416.7077338
2018-12-14,0.0020666176174,0.00208477102406,0.00205597550535,0.00207013555031,16163453.8831345
2018-12-15,0.00207036170021,0.00212119883956,0.00206271133203,0.00211344986161,13579048.2607641
2018-12-16,0.00210584540487,0.0021448784693,0.00210083632575,0.00212540601472,16084724.631873
2018-12-17,0.00212518514831,0.00271619463647,0.00211939695832,0.0025333435031,38633066.6478994
2018-12-18,0.00253595004519,0.00269005082526,0.00247138189608,0.00268364724592,39838879.6480741
2018-12-19,0.00267437723121,0.00277119273274,0.00256238187312,0.00271961866985,29874095.0258018
2018-12-20,0.00270688443831,0.00277853464374,0.00261019272416,0.00273131271956,23713034.3709016
2018-12-21,0.00272245301418,0.00274508259523,0.00251027195398,0.00254465941719,22399777.2676462
2018-12-22,0.00253896018878,0.00256080829646,0.00241562019126,0.00250202212832,18456615.5911074
2018-12-23,0.00250220291451,0.00258877252293,0.00250028506472,0.0025422857183,20041491.1279096
2018-12-24,0.00254970613591,0.00263769456084,0.0025402168688,0.0025402168688,24536965.7488298
2018-12-25,0.00255451885842,0.00255451885842,0.00231818693132,0.00240412784166,19340547.3207908
2018-12-26,0.00240247985959,0.00249629754303,0.00239356704277,0.00247398956684,17477619.2632948
2018-12-27,0.00247728743381,0.0024864318532,0.00236368966598,0.00236381233511,19224932.3330298
2018-12-28,0.00236190492232,0.00244701965851,0.00230427225164,0.0024340531099,19439894.6548724
2018-12-29,0.00243932410461,0.00244583294434,0.00238769083951,0.00240330644003,16985014.7042373
2018-12-30,0.00237959929954,0.00240239710218,0.00234091037054,0.00236741850232,16846019.1882694
2018-12-31,0.00237038078438,0.00239546988762,0.002324736652,0.00234553226726,18724787.783926
2019-01-01,0.00234641840137,0.00239212402876,0.00232237104963,0.00239212402876,17364743.7527231
2019-01-02,0.0023881329937,0.00245807564888,0.00237152842436,0.00240653701802,18015392.4024273
2019-01-03,0.00240380004994,0.00241429660502,0.00235638965324,0.00235958377255,17619234.4212152
2019-01-04,0.00236425652825,0.00239667594543,0.00227369057177,0.00231524953411,19530099.8960146
2019-01-05,0.00232005867984,0.00235009513946,0.00228008942693,0.00231923898626,17148586.0189714
2019-01-06,0.00231310234783,0.00237107938389,0.00229108177036,0.00232797123984,18175111.3578102
2019-01-07,0.00232808286959,0.00233547520915,0.00227541979146,0.00228490265536,15899003.8160263
2019-01-08,0.00229834102382,0.00232112215277,0.00226123580007,0.00227579485326,20994416.6554332
2019-01-09,0.0022776851925,0.00230741003433,0.00225507987432,0.00226598952235,17010797.289532
2019-01-10,0.00226323372685,0.00229521779373,0.00208518198506,0.00213198981654,21174109.1382673
2019-01-11,0.00212947232908,0.00214868174695,0.0021052088841,0.00212877553048,17187243.2258367
2019-01-12,0.00213040376832,0.00215752715862,0.00211515382203,0.00214828035169,14167258.362313
2019-01-13,0.00213671044724,0.00217107437271,0.00208329487891,0.00209414321171,18059305.5252369
2019-01-14,0.00210203582711,0.00219839042765,0.00209735480402,0.00218283611757,18534843.1627875
2019-01-15,0.00217783000131,0.00218791310382,0.00209824789024,0.00211050528263,15986347.8628574
2019-01-16,0.00210772376396,0.00214081068674,0.00208355930571,0.00213750447442,13656180.6426611
2019-01-17,0.00213258097713,0.00214658166551,0.00208043386048,0.00209371039402,13882217.1245462
2019-01-18,0.00209287462212,0.00211729002796,0.00208364460594,0.00210623905339,12471672.187675
2019-01-19,0.00210423525054,0.00216014241563,0.00208920430978,0.00215347332443,16088820.2879671
2019-01-20,0.00215321847248,0.00215343746627,0.00208194295827,0.00211878961367,16178007.6222378
2019-01-21,0.00210569640153,0.00212172052511,0.00206627392933,0.00210068022087,17205920.7499122
2019-01-22,0.00209912565172,0.00211225474905,0.00203279780757,0.0020571523524,18971836.9152753
2019-01-23,0.00205482358826,0.00206771832703,0.00202127596804,0.00204289502178,15672115.2523187
2019-01-24,0.00204512947325,0.00207319725661,0.00201286704736,0.00203899631389,15825805.3378017
2019-01-25,0.00205733010068,0.00218291636959,0.00202727300712,0.0021180676094,15953121.2971981
2019-01-26,0.00209390993911,0.00215167587561,0.00203045340363,0.00208259260881,15588078.8368134
2019-01-27,0.00208162352155,0.00209594960303,0.00200852601562,0.00202747224786,16233337.5222709
2019-01-28,0.00202558716267,0.00202830357924,0.00192730105759,0.00194356009782,16265136.4186979
2019-01-29,0.00194704347702,0.00196996531499,0.00191731589847,0.00192711936693,14809843.8006474
2019-01-30,0.00192504047503,0.0019699142787,0.0019143918723,0.00196119383956,11813018.0486813
2019-01-31,0.00196317851699,0.00198747764485,0.00191248188645,0.00192497347393,13824059.2741342
2019-02-01,0.00192569194066,0.00192755664595,0.00189261414672,0.00191648792154,17411751.1476431
2019-02-02,0.00191429370545,0.0019560355314,0.00189607738505,0.00193576299111,13184662.8274314
2019-02-03,0.00193156651293,0.00195720860169,0.00189009371695,0.00190368360381,15354409.0015635
2019-02-04,0.00190385595794,0.0019316822608,0.00187724610791,0.0018958059023,13169125.5393294
2019-02-05,0.00189906451999,0.00191312213212,0.00187972443914,0.00188768584713,13983316.3899525
2019-02-06,0.00188625628467,0.00190247682114,0.0018368644287,0.001865502213,15246340.3294259
2019-02-07,0.00186884555934,0.00189013136367,0.00183936033528,0.00184490085203,14228248.2825743
2019-02-08,0.00184734971438,0.00195737998705,0.00183469120257,0.00195632758225,17956051.9078616
2019-02-09,0.00195244030923,0.00199607243596,0.00192300317519,0.00194933709943,14455529.2481076
2019-02-10,0.00195125286768,0.00195281095011,0.00191231903805,0.00194565001011,15828370.5988155
2019-02-11,0.00194620060027,0.00194620060027,0.00189896077286,0.00190551027138,15220889.183601
2019-02-12,0.00190443987151,0.00191081432605,0.00187282979587,0.00189403331067,16971097.6762724
2019-02-13,0.00189380740518,0.00191042356973,0.00188528059328,0.00189344438625,15440451.4883199
2019-02-14,0.00189111227692,0.00190852001302,0.00188489902053,0.00189679284171,16879422.4793957
2019-02-15,0.00189615799854,0.0019146441188,0.00188883434938,0.00190752742943,14754160.1132807
2019-02-16,0.0019067525918,0.00192880883867,0.00189477514172,0.00192401270269,14351256.5754735
2019-02-17,0.00192336626772,0.00199334521258,0.00191483978575,0.00199243915158,19208658.6233381
2019-02-18,0.00199256098459,0.00212448483517,0.00199256098459,0.00211368921382,26457493.3706552
2019-02-19,0.00211555900325,0.00213856432303,0.00205572341666,0.0020672970951,26883836.2124863
2019-02-20,0.00206523735119,0.0020807083183,0.00204406269486,0.00207896190807,20976083.1161042
2019-02-21,0.00206626901585,0.00207845268146,0.0020222964079,0.00202827527445,18308575.2725881
2019-02-22,0.00202967448933,0.00207123343841,0.00202395472189,0.00205592438129,19850027.8133579
2019-02-23,0.0020554090604,0.00211079138781,0.00203441096093,0.00208346367579,20487003.8246606
2019-02-24,0.00208832073874,0.0021249422875,0.00195483397126,0.00197356507126,25171946.8958647
2019-02-25,0.00197270048154,0.00204463559068,0.00193035034125,0.00202987302325,20965851.7911966
2019-02-26,0.00202902523218,0.00205015376574,0.00199206349946,0.0020227850281,19292966.341926
2019-02-27,0.0020236364821,0.00203258934232,0.00195370997412,0.00201870516144,19512740.000614
2019-02-28,0.00201777137571,0.00202397888277,0.00196815731049,0.00197610867613,18191276.0355319
2019-03-01,0.00197647306857,0.00202026015717,0.00197647306857,0.00199448955759,18777566.8984902
2019-03-02,0.00199229892638,0.00201334131396,0.0019795754269,0.00200267962537,17330550.4955479
2019-03-03,0.00200170691799,0.0020241498533,0.00199148230218,0.00199931720058,15753983.4228013
2019-03-04,0.00200353336896,0.00201093907686,0.00196830986721,0.00198224818341,16744532.68956
2019-03-05,0.00198079237434,0.00200332636261,0.00196113064938,0.00198527077974,19420739.3729921
2019-03-06,0.00198526439577,0.00199218906694,0.00196682507773,0.00198295260946,17375079.3385922
2019-03-07,0.00198166730785,0.00201548874895,0.00196558830699,0.00199089136759,17976088.3914482
2019-03-08,0.00199219815828,0.00199824727462,0.00196764148885,0.00198028062136,17551403.686868
2019-03-09,0.00198228604336,0.00201453050399,0.00197229370166,0.00199811625985,17348833.0389795
2019-03-10,0.00200041544806,0.00200406571409,0.00197944466514,0.00199896682854,14597177.8644497
2019-03-11,0.00200080541897,0.00200613135659,0.00194677234531,0.00196571565374,20212258.4280106
2019-03-12,0.00196886365375,0.00203040675525,0.00194984243837,0.00201170473555,20817164.8981439
2019-03-13,0.00201459884726,0.0020526488365,0.00200543913659,0.0020251270112,17366462.1671085
2019-03-14,0.00202245924109,0.00204372841526,0.00200865875961,0.0020388509918,12675418.1710234
2019-03-15,0.00204139369733,0.00205827244817,0.00201541711935,0.00204830358181,14469793.4415624
2019-03-16,0.00204698487032,0.00209869788058,0.00203988753604,0.00207749454775,17262660.4655832
2019-03-17,0.0020809193023,0.00209045580743,0.00205650902711,0.00208081231681,17683010.0801819
2019-03-18,0.00207647448853,0.00209444299471,0.00206329331315,0.00208302883026,21958792.6756384
2019-03-19,0.00208290385245,0.0021060424526,0.00207260578648,0.00209106897304,20549162.2963272
2019-03-20,0.00208441864738,0.00209165454841,0.0020541548476,0.00206078185436,17912276.3308921
2019-03-21,0.00206508358483,0.00207431344233,0.00204047041404,0.0020536347488,18961936.7430832
2019-03-22,0.00205099866145,0.00207360902599,0.00204531293433,0.00205229683546,17243548.1742319
2019-03-23,0.00205714165069,0.00207995858118,0.00204673598831,0.0020641841534,15724762.0055816
2019-03-24,0.0020619466841,0.00208041004754,0.00202584375164,0.00205366954105,16541720.7023219
2019-03-25,0.00205764488414,0.00206551134136,0.00202552282513,0.00204339422496,17555818.3578226
2019-03-26,0.00204062624312,0.00206137961319,0.00202550471874,0.00205397800132,19354497.8984875
2019-03-27,0.00204951865403,0.00208867425075,0.00204230296013,0.00208497919731,23194501.6275147
2019-03-28,0.00208749910958,0.00209186202541,0.00205962966395,0.00207367135147,20558761.4211808
2019-03-29,0.00207553833343,0.0021017113695,0.00205592263324,0.00208746507992,21582048.8715471
2019-03-30,0.00209077205984,0.00216567381179,0.00206493023025,0.00208047305513,19212788.3766832
2019-03-31,0.00208061694783,0.0021003380912,0.00206970436064,0.00208047110888,18785300.1572422
2019-04-01,0.00208232760291,0.00253179095994,0.00207817852065,0.00246113272112,49116893.8185979
2019-04-02,0.00245885586621,0.00286285871536,0.00239376627731,0.00279482406532,60298362.3992124
2019-04-03,0.00277668481324,0.00365591906797,0.00277095582921,0.00316435442739,89863286.8021211
2019-04-04,0.00315843657788,0.0040955769381,0.0031337103363,0.00369701646382,164634740.849062
2019-04-05,0.00367870517254,0.00375487880832,0.00340888667195,0.00358963327331,63331136.0609008
2019-04-06,0.0035940969158,0.0035940969158,0.00341508519802,0.00343900210008,46343809.8939581
2019-04-07,0.00343960453928,0.00351686425901,0.00325622094393,0.00341757038915,50224984.1177995
2019-04-08,0.0034280306869,0.00343672811506,0.00301231055311,0.00304454854528,62195172.913036
2019-04-09,0.0030441373257,0.00307049534029,0.00281207689611,0.00288392057003,53210703.3270234
2019-04-10,0.00288141343315,0.00307981267462,0.00287212601547,0.00302149908163,50718761.3772146
2019-04-11,0.00301853252204,0.00303095378702,0.00273822908299,0.00278918849957,45881209.1104061
2019-04-12,0.00279115475598,0.00287259130324,0.00272498647827,0.0028555558196,42878877.4823252
2019-04-13,0.00285216395037,0.00290609601029,0.00282019512949,0.00287234050844,34870865.5489478
2019-04-14,0.00287337510747,0.00290270239303,0.0028374674146,0.00288195298808,30693264.077066
2019-04-15,0.00288429385998,0.00292314621535,0.00274339909766,0.00278993103344,36669437.0749382
2019-04-16,0.00278996804212,0.00285626556368,0.0027377578598,0.00283500834044,31946319.890028
2019-04-17,0.0028367893164,0.00286067275301,0.0027586215084,0.00280978553685,32027921.9711555
2019-04-18,0.00281553902763,0.00295841129621,0.00280645718603,0.0029457884902,42590190.400933
2019-04-19,0.00294495690622,0.00294832139569,0.00287496023472,0.00289281316073,36059338.2448342
2019-04-20,0.00289150773482,0.00290291039109,0.00286048274591,0.00290185757773,35542376.9333333
2019-04-21,0.0029003396896,0.00290583289913,0.00272432065884,0.00275958055205,37077986.1508474
2019-04-22,0.00275833811278,0.00282376149757,0.00272603973843,0.00279809701099,36334621.1044187
2019-04-23,0.00280356348594,0.00285561298446,0.00276749044792,0.00277246741262,37261546.7433892
2019-04-24,0.00277496646655,0.00277875561268,0.00254933429632,0.00259910442497,43229276.8622801
2019-04-25,0.00259451557009,0.00262024937596,0.00248986990378,0.00250572624318,33422071.2405378
2019-04-26,0.00249932177539,0.00252568238716,0.00245319810368,0.00251943282538,33070493.5930863
2019-04-27,0.00251537810023,0.00254513655901,0.00248862634751,0.00251616278453,27194224.0941438
2019-04-28,0.00251961342656,0.00256282377839,0.00250190083506,0.00253129554882,25600272.3813347
2019-04-29,0.00252739263202,0.00255087653681,0.00244270331629,0.00246640962462,32974055.9744166
2019-04-30,0.00246918922014,0.00251876233404,0.00244289978545,0.00251272711842,34753261.0652076
2019-05-01,0.00251027226011,0.0025505360179,0.00247715866729,0.00252120797696,30316781.9738433
2019-05-02,0.00252513299633,0.00265638331895,0.00251562194735,0.00261139747239,34506272.1028941
2019-05-03,0.00261035564956,0.00275253025382,0.00259468443144,0.00272072756532,40969776.4309508
2019-05-04,0.00269799278799,0.00278291428872,0.00260750506318,0.00267960027226,39814872.2105671
2019-05-05,0.00270855573207,0.00270855573207,0.00262211992443,0.00265288497142,33161934.1901989
2019-05-06,0.00263302043952,0.00266057744958,0.00251535162581,0.00254211678196,37020799.7497111
2019-05-07,0.00254362293146,0.00263212565239,0.00253566517949,0.0025364623307,38143864.6782333
2019-05-08,0.00253389775718,0.00257178632152,0.00250493005166,0.00253686734248,32200703.5319745
2019-05-09,0.00253646896927,0.00255417343547,0.00246679925237,0.00249969067524,30720237.1448596
2019-05-10,0.00250332806636,0.00255936714596,0.00244914457422,0.0025215807206,32480632.664915
2019-05-11,0.00251480945173,0.00279888529521,0.0025134989083,0.00275390513168,48521874.3479659
2019-05-12,0.00275706919944,0.00282030379944,0.0026121077677,0.00266532316357,44577097.3755086
2019-05-13,0.00266251252099,0.00282269601962,0.00264869764842,0.00275588137428,47011255.1404063
2019-05-14,0.00275782237909,0.00319865577593,0.00274723227082,0.00306784922995,58434919.790625
2019-05-15,0.0030730687094,0.00331684730666,0.00305198514929,0.00330800911299,57673253.9158262
2019-05-16,0.00330976597237,0.00352149169889,0.00311440039154,0.0031682204376,68128482.9680083
2019-05-17,0.00316882251681,0.00318558541584,0.00283129512451,0.00296222755328,66495398.9551568
2019-05-18,0.00296572526009,0.00305442158295,0.0028965325842,0.00300542565867,54849675.8977168
2019-05-19,0.00301071179141,0.00319523372275,0.00300004169716,0.00317844316073,63883932.4071328
2019-05-20,0.00317873817353,0.00318561326548,0.00293330755124,0.00304120815861,56440462.4363383
2019-05-21,0.00304178948384,0.00311183677614,0.0029679257879,0.00308641713526,54845690.8684016
2019-05-22,0.00308228978196,0.00309054787187,0.00291172550055,0.00293864579626,60016531.1201659
2019-05-23,0.00293673868016,0.00297974387021,0.00279520629969,0.00296088840664,55428477.4389125
2019-05-24,0.00295999596077,0.00302202930181,0.00293159957945,0.00299459437623,61767496.9126325
2019-05-25,0.00299576813299,0.00301060377276,0.00295785581527,0.00299072789725,58214408.7774491
2019-05-26,0.00298677907833,0.0031150406251,0.00293460480966,0.00309249202264,68909915.9581921
2019-05-27,0.0030987270548,0.00320706455784,0.00308643057323,0.00314093862802,76858481.8787837
2019-05-28,0.0031418583949,0.0031682214188,0.00307141217349,0.00314824460766,67850692.2312919
2019-05-29,0.00314917259881,0.00315054962242,0.00308293839811,0.00312702673996,74244761.0018623
2019-05-30,0.00312458938631,0.00359958939302,0.00310966570065,0.00325830928529,97252491.4055211
2019-05-31,0.00325628105404,0.0034432375245,0.0031716906011,0.00344112334462,85204090.8686295
2019-06-01,0.003443236092,0.00351987952077,0.00336011615039,0.00341890024872,85093279.2528348
2019-06-02,0.0034257170256,0.00344779508763,0.0033423187133,0.00339761614309,74315768.9198226
2019-06-03,0.00339747165749,0.00341026078819,0.00319353572667,0.00319805829177,76817042.6817348
2019-06-04,0.00321283388159,0.00321283388159,0.00298551837408,0.00304154502969,77725735.3088263
2019-06-05,0.00303865261967,0.00309794751887,0.00297952138071,0.00307035718642,72561328.6241263
2019-06-06,0.00307198072753,0.00312422217024,0.00300512426141,0.00308691922788,71608122.6860876
2019-06-07,0.003087651564,0.00319496224866,0.00305890758775,0.00311040640192,71288069.2687859
2019-06-08,0.00311533946697,0.00319126924028,0.00301729644516,0.00308402478682,69699426.3085004
2019-06-09,0.00307680989285,0.00321845431391,0.00297756454129,0.00301182539106,69438949.9480631
2019-06-10,0.00301368986497,0.0031347401521,0.00299153229547,0.00309085575862,69822842.6604027
2019-06-11,0.00309033991199,0.00314252673244,0.00299791251701,0.00305773347665,65070888.3807757
2019-06-12,0.00306111856361,0.00309354901078,0.00301864686621,0.00306692117299,69543165.8796185
2019-06-13,0.00306310686792,0.00316847841603,0.00303043365575,0.00307446174942,66973694.3343007
2019-06-14,0.00307501563815,0.00314230621038,0.00303661884694,0.00312433497181,59252853.4892745
2019-06-15,0.00313542898055,0.00320415446937,0.00309657330977,0.00315724189708,63436422.5832008
2019-06-16,0.00314507473873,0.00333578808285,0.00313545476487,0.00318628645239,68789112.4217973
2019-06-17,0.00318759188422,0.00322488931741,0.00312504973641,0.00319030839514,60386666.3129874
2019-06-18,0.00319305553711,0.00319873914251,0.00310995346226,0.00312507428659,54908990.9291603
2019-06-19,0.00312283526673,0.00315446652723,0.00309718257441,0.00312959950892,35562598.3937097
2019-06-20,0.00314287212647,0.00320365216538,0.00309485418673,0.00316055243613,36102125.8917413
2019-06-21,0.0031673315733,0.00325054797508,0.0031283060341,0.00322270031938,42423840.9384006
2019-06-22,0.00322863803528,0.00335431293749,0.00318519133351,0.0032792243078,57373527.638734
2019-06-23,0.0032846900937,0.00349637341423,0.00324987780333,0.00330447025749,44229339.5334824
2019-06-24,0.00331374063999,0.00343094384225,0.003233770857,0.00336812789127,42747864.637921
2019-06-25,0.00336699372821,0.00339510244054,0.00327040446754,0.00339244984588,41001825.8846475
2019-06-26,0.00339071778954,0.0034495085398,0.00325237173907,0.00337923724936,64528905.2591513
2019-06-27,0.00339026458778,0.00349515640475,0.00299025915616,0.00332916138549,76165576.5602405
2019-06-28,0.00333204173328,0.00352251156432,0.00331490697518,0.00348954695212,65310777.6240895
2019-06-29,0.00347895184336,0.00348613222414,0.00331413854593,0.0034050018701,46594480.6774358
2019-06-30,0.00341787232187,0.00344560867166,0.00324706162781,0.00325779382276,43549173.8385193
2019-07-01,0.00325026390716,0.00332517621401,0.00309304098683,0.00323782759247,42771993.0683553
2019-07-02,0.0032368275929,0.00335991120431,0.00307953280207,0.00320360201061,41581109.2587323
2019-07-03,0.00320695999543,0.00333591863584,0.00317174714708,0.00331308749218,37586127.3854695
2019-07-04,0.00331380928449,0.00335659282744,0.00313129307669,0.00322852278257,36433330.3454306
2019-07-05,0.00322629222438,0.00447086296742,0.00313008560483,0.00386659598877,187924151.068634
2019-07-06,0.00387242834946,0.00396775442267,0.00347040888875,0.00354662381397,65031784.3287356
2019-07-07,0.00355276391412,0.00365832769278,0.00349506535973,0.00363328684824,44379648.8370941
2019-07-08,0.00363525458427,0.00364442498172,0.00351324193072,0.00355872510809,41682711.8328632
2019-07-09,0.00355603608682,0.00361514681681,0.00345923128364,0.0035490509383,42613826.5390235
2019-07-10,0.00355125855987,0.00359982431457,0.00336396153957,0.00342382124562,49078576.7475749
2019-07-11,0.00341678251027,0.00342648707881,0.00318925777029,0.00324282340338,43609123.4482063
2019-07-12,0.00324149667319,0.00336821470253,0.00320660563107,0.00334007335514,35428239.3047792
2019-07-13,0.00334337757769,0.00335129909177,0.00317372731804,0.00324872542571,27243201.0753045
2019-07-14,0.0032495755103,0.00325915445228,0.00300959298235,0.00301400703638,36339861.0877694
2019-07-15,0.00301955350358,0.00313255251294,0.00292241013349,0.00309205308565,43028086.1240384
2019-07-16,0.0030929104255,0.00312479614216,0.00280185033311,0.0028249077542,40980833.0949996
2019-07-17,0.00281904059048,0.00317706015939,0.00277213779973,0.00303022431332,41838001.3760068
2019-07-18,0.0030312834397,0.00314516766014,0.00287567357435,0.00312129069638,40218355.5316821
2019-07-19,0.00312030605325,0.00313473088424,0.00297125128447,0.00305881114228,20956540.6107122
2019-07-20,0.00306379433281,0.00318738247802,0.0030383902864,0.0031180346355,23424227.1015402
2019-07-21,0.00311756636889,0.00316633317797,0.00298261117375,0.00307568671355,18349874.4840411
2019-07-22,0.00307596371171,0.00310026985686,0.00296617758024,0.00299674972457,19174676.4787845
2019-07-23,0.00299974603345,0.00300335653694,0.00287389932302,0.00288032098481,21006915.7548452
2019-07-24,0.00287994180393,0.00291738765452,0.00281605104679,0.00291547795852,23840681.0715595
2019-07-25,0.00291046400606,0.00301777441263,0.00290526164012,0.00292124017048,20653974.8378953
2019-07-26,0.0029208061857,0.00294933149915,0.00288249974224,0.00292068036974,19438979.1810734
2019-07-27,0.00292266402192,0.00303029916585,0.00279672018623,0.00282275513568,20901184.6734241
2019-07-28,0.00282180403666,0.00288725503568,0.00279168233532,0.00285939475849,19878103.0001506
2019-07-29,0.00285910798209,0.00289719580794,0.00280925331042,0.00284023631347,19054200.2862351
2019-07-30,0.00283109495842,0.00288779850883,0.00280100158474,0.00281746951178,16899415.718944
2019-07-31,0.00281607132625,0.00290750581716,0.00281607132625,0.00289941534866,21310976.9162826
2019-08-01,0.00290046304296,0.00295882504135,0.00285998479542,0.00295738704089,20206543.1171833
2019-08-02,0.00295709940639,0.00297522355105,0.00289727638818,0.00290886448043,18550953.7319513
2019-08-03,0.00290781627227,0.00296045112757,0.00290035465252,0.00291222017514,15813943.37194
2019-08-04,0.00291279257075,0.00298359985975,0.00286419136341,0.00293847542765,19238655.2920587
2019-08-05,0.00293849616558,0.00316219864722,0.00293627700475,0.00308728245873,31037239.3510026
2019-08-06,0.00308865592259,0.00331604682278,0.00291915997389,0.0029503022746,19786132.7839634
2019-08-07,0.00295087386113,0.00305033060333,0.00293827706206,0.00300592973309,26551304.569203
2019-08-08,0.00300470814284,0.00301231310311,0.00285794511742,0.00292821999358,16993741.4590581
2019-08-09,0.00292922020734,0.00293345030602,0.00286902106525,0.00290436306157,21528297.9690555
2019-08-10,0.00290476120304,0.00292857023282,0.0027958303082,0.00284232491625,17920882.7485611
2019-08-11,0.00284459735425,0.00290150726159,0.00283898364932,0.00289804809084,16229246.382166
2019-08-12,0.00289569442206,0.00290065501193,0.00286855905596,0.00288002026428,21554919.304028
2019-08-13,0.00288256323082,0.00289013757538,0.00280447490889,0.00282482188004,27308534.6651181
2019-08-14,0.00282347353837,0.0028299292659,0.00271549203759,0.00272167400307,34384339.5625633
2019-08-15,0.0027201432478,0.00275306349094,0.00258381506419,0.00263975021563,32124644.1823139
2019-08-16,0.00264076077441,0.00271432122554,0.00256117180387,0.00268061085684,19795788.9629396
2019-08-17,0.00268406901029,0.00269031974358,0.00261930026977,0.00264584015349,18747565.0051826
2019-08-18,0.0026474118765,0.00273018597877,0.00262219113901,0.00272253424524,20832601.6012301
2019-08-19,0.00272257927679,0.00282700812837,0.0027158387504,0.00279721085757,20301071.7990502
2019-08-20,0.00279791603095,0.00280693099091,0.00271389332724,0.00276338884272,19682454.4878902
2019-08-21,0.00276435746565,0.00277007113642,0.0026196016893,0.00267461519663,21056918.8457948
2019-08-22,0.00267595944277,0.0027310454628,0.00261677586276,0.00270025698041,21813054.6014998
2019-08-23,0.00270872190815,0.00289855379073,0.00265703792612,0.00271345450562,21615807.1267572
2019-08-24,0.00271295811931,0.00272469811851,0.00261404574757,0.00266133168459,22299027.4862263
2019-08-25,0.00266280026473,0.00288810587275,0.00262492153846,0.00266213911312,22727727.3205713
2019-08-26,0.0026519436543,0.00282883432583,0.00263990997287,0.00267949197279,22974749.7465541
2019-08-27,0.00267975749404,0.0027877102799,0.00260033784583,0.00262019194715,21250034.0663783
2019-08-28,0.00262193925217,0.0026331748981,0.00251139366282,0.00252366275923,23602879.4136369
2019-08-29,0.0025232255674,0.00252424512986,0.00239209992545,0.00244957499594,28641509.2374753
2019-08-30,0.00245088750114,0.0024870907358,0.00242677183346,0.00248169398164,23809187.1151772
2019-08-31,0.0024819389694,0.00252863097052,0.00245905622714,0.00251136290857,23927276.7131349
2019-09-01,0.00251203018875,0.00253302338955,0.00244343959318,0.00249164555702,22742519.0295317
2019-09-02,0.00249236029875,0.00261633133594,0.0024624633821,0.0025956871648,25999238.9960398
2019-09-03,0.00259835499879,0.0027238238678,0.00256015839082,0.00259529915753,40548611.8456474
2019-09-04,0.0025960135063,0.0026947847919,0.00254058838965,0.00268966955089,27623103.4166805
2019-09-05,0.00269013367066,0.00269201537846,0.00250489186902,0.0025311924338,32285101.4185989
2019-09-06,0.00252926958821,0.00264001872692,0.00245988587279,0.00250940258575,29577776.6872315
2019-09-07,0.00251532023949,0.00256944447477,0.00247919305945,0.00251536354609,34744018.2680225
2019-09-08,0.00251142351929,0.00255974174404,0.0024685930899,0.00250141335146,31506514.4439005
2019-09-09,0.00250882891286,0.00250981010901,0.00241833813506,0.00246119548867,34582212.2501602
2019-09-10,0.00246077225438,0.00248949745677,0.00240994052105,0.00243688938147,29851956.6592929
2019-09-11,0.00243202707463,0.00245130347107,0.00238950292325,0.00239868212727,30308813.0875752
2019-09-12,0.0023984063295,0.00244560966034,0.00236637426735,0.00242501961575,38515673.3909349
2019-09-13,0.00242451677573,0.00243237048389,0.00239783985606,0.00242561718194,34172204.1001883
2019-09-14,0.00242708127148,0.0024512435381,0.00240549898364,0.00244051424824,36253839.8898771
2019-09-15,0.00244271516106,0.00248630017,0.0024383784781,0.0024604211182,35862685.9924728
2019-09-16,0.00246164472679,0.00249144432106,0.00242987362321,0.00245519990285,31115287.8042356
2019-09-17,0.00245448692496,0.00261507868652,0.00244346942073,0.00260804287532,38934662.1825331
2019-09-18,0.00260709869735,0.00299331839914,0.00258168451298,0.00271855433678,45526971.5009939
2019-09-19,0.00271832459647,0.00273374036836,0.00258892653247,0.00270927739941,46463665.1504918
2019-09-20,0.00270965869957,0.00271616388173,0.00264538994174,0.00267246522089,45337415.8299165
2019-09-21,0.00266732900224,0.00267239850235,0.00255571981872,0.00258604771424,47801585.2597651
2019-09-22,0.00259513304457,0.00260868410625,0.00254597349467,0.00259225702538,37997883.4271287
2019-09-23,0.00258726906087,0.00260031717294,0.00248248511818,0.00248596697877,35603401.0476336
2019-09-24,0.00248946077178,0.00250194255967,0.00207700505685,0.00222751786266,56048353.3772212
2019-09-25,0.00222914802484,0.00224286050568,0.00211035168308,0.00219684791891,58992977.7938936
2019-09-26,0.00220173098156,0.00222897484007,0.0020759045481,0.0021550921942,46965570.8966407
2019-09-27,0.00215517804441,0.00222757102942,0.00212135109767,0.00222060016664,47659680.0034127
2019-09-28,0.00222215506134,0.00224802499919,0.00220199785595,0.00223410426894,36239557.1828688
2019-09-29,0.00223812139903,0.0023359005323,0.00218495623671,0.00222325077284,41861529.5124873
2019-09-30,0.00222661781939,0.00241612762345,0.00217120430861,0.00238732194188,56920760.3301077
2019-10-01,0.00239257550825,0.00249723091775,0.00238103657797,0.00238808190049,40563787.2963361
2019-10-02,0.00239095213585,0.00241140450697,0.00231400628124,0.00235143679156,42121830.1090987
2019-10-03,0.00234867802107,0.00236468912968,0.00228994803179,0.00232465752474,36788343.9679068
2019-10-04,0.00232338556207,0.00236266685652,0.00228342185612,0.00235990494138,42842902.4832895
2019-10-05,0.00235498449048,0.00237740827873,0.00230688947296,0.00232234950212,39360096.0185755
2019-10-06,0.00232277456276,0.00236216502698,0.00228994155503,0.00234641740059,40093923.4087071
2019-10-07,0.00234173374389,0.00240779351593,0.00230533091257,0.00239045791898,48117979.1198095
2019-10-08,0.00238988495277,0.00241797598745,0.00232357732553,0.00234591321493,49622639.6455985
2019-10-09,0.00233953422636,0.00240237707976,0.0023168831089,0.00238787109086,39868870.3674641
2019-10-10,0.00239169895034,0.00239958910716,0.00232990325646,0.00233186532738,49414269.5347375
2019-10-11,0.00233248706847,0.0023830540689,0.00228984900911,0.00234492691585,40769657.4078842
2019-10-12,0.00232826445588,0.00238332903656,0.00231047028088,0.0023399416587,45487599.8973139
2019-10-13,0.00233866295007,0.00261798685744,0.00232300118317,0.00244749918013,63249479.396284
2019-10-14,0.0024486431977,0.00263615921412,0.00242814727892,0.0025454363735,62460324.1610596
2019-10-15,0.0025455949749,0.00256494589988,0.00249539766519,0.00250957184987,50979958.6674152
2019-10-16,0.00250859234756,0.00261870980764,0.0025062334576,0.00260745779369,50405533.0894475
2019-10-17,0.00260407464522,0.00293166321699,0.00258985133047,0.00275488772891,69269499.6269128
2019-10-18,0.00275672010065,0.00286288684551,0.00266764368726,0.00270599906408,60909632.9926709
2019-10-19,0.00270389402302,0.00279526874675,0.00266831209524,0.00274266824657,69804524.3995527
2019-10-20,0.00274218976859,0.00277542823273,0.00268493656584,0.00273048435844,73744711.7299936
2019-10-21,0.00273192520856,0.00281310021238,0.00261839880195,0.00277429215432,82888435.5507991
2019-10-22,0.00277294450303,0.00277639028421,0.00255969355593,0.00256549653381,75521552.8366316
2019-10-23,0.00256405120655,0.00258720422927,0.00238942100852,0.00249487883613,79141247.0413926
2019-10-24,0.00249131472447,0.00255271483704,0.00245103654462,0.0025383415967,81190106.1750567
2019-10-25,0.00253922451667,0.00271394037091,0.00250165233967,0.00268361634978,98533278.4658495
2019-10-26,0.00268419422713,0.00285849561093,0.00259135331106,0.00262156365335,118574429.353345
2019-10-27,0.00262077239995,0.00274727751402,0.00259464791085,0.00265381289294,99551355.5376814
2019-10-28,0.00265556050721,0.00272223027982,0.00262884833169,0.00264624339725,92231650.2579514
2019-10-29,0.00264725073658,0.00272847296731,0.0026442994996,0.00265471794204,84394749.0352777
2019-10-30,0.00265568352275,0.00268186533534,0.00259735547432,0.00261642030127,88132224.3827872
2019-10-31,0.00261848170711,0.00267514725367,0.0025858727078,0.00261545796191,72101941.8179559
2019-11-01,0.00261690665793,0.00263928817566,0.00259129948538,0.00263030761983,78282711.495676
2019-11-02,0.00263134782157,0.00265057199182,0.00259675124845,0.00262701927529,63232423.3394071
2019-11-03,0.00262735893107,0.00267359137043,0.00262156052048,0.00263650161533,57894711.1874407
2019-11-04,0.00263450055905,0.00264547608069,0.00258965009155,0.00261360554226,64040500.4126823
2019-11-05,0.00261324304432,0.00265105209054,0.002574552899,0.00262371669612,78458701.6572228
2019-11-06,0.00262291850248,0.00264988096861,0.00261513852639,0.00262804220587,88212203.2310678
2019-11-07,0.00262776802279,0.00273391029351,0.00260769372162,0.00272544755502,97141368.2276354
2019-11-08,0.00272336294548,0.00273136626477,0.00260347917085,0.00265290792927,88039087.1602999
2019-11-09,0.00265371712891,0.00274188906817,0.00264975468152,0.00271286458316,93120071.0156366
2019-11-10,0.00271244406541,0.00278470066142,0.00268666994472,0.00277498580495,96734958.5537409
2019-11-11,0.00277520670856,0.00277977549483,0.00266894628879,0.00271482835085,84608148.4996383
2019-11-12,0.00271353585256,0.00273520129453,0.00267877760969,0.00272501077613,72506822.4380852
2019-11-13,0.00272279315153,0.00272532826373,0.00266530240542,0.00269754132551,80974477.4255422
2019-11-14,0.00269410145553,0.002697945227,0.00264195110851,0.00268023632375,77359949.1478105
2019-11-15,0.00268195275709,0.00268902107252,0.0026085792959,0.00265663248836,78888251.4129003
2019-11-16,0.00265664829977,0.00267476122768,0.00263594751748,0.00266930224488,71531457.1506515
2019-11-17,0.00266922559487,0.00271772575663,0.00264081244145,0.00264793867172,74498787.0056251
2019-11-18,0.00264752356737,0.00271548726765,0.00254867825521,0.00257623789258,72521449.2425796
2019-11-19,0.00257579958485,0.00260805042101,0.00251935402686,0.00254804190429,85557575.2946453
2019-11-20,0.00254823250012,0.00269816758187,0.00254268311065,0.00255633191631,77286260.0189228
2019-11-21,0.00255548072273,0.00256611881451,0.00237820387152,0.00242599061172,95999425.8294644
2019-11-22,0.00242576945997,0.00251931592139,0.00223927341623,0.00236211305312,109619351.392331
2019-11-23,0.00236388505733,0.0025071120546,0.00232722250886,0.0025046410872,112247813.666494
2019-11-24,0.00250856843605,0.00251043334124,0.00229816735164,0.00236549350344,101469802.540679
2019-11-25,0.00236877717605,0.00236877717605,0.00212763134853,0.00228608908602,129591062.410009
2019-11-26,0.00228666366172,0.00234172879938,0.00226468468414,0.00229115685923,100273989.631235
2019-11-27,0.00229063524074,0.0023575459842,0.00222850555454,0.00233885461162,100345293.823128
2019-11-28,0.00233658386821,0.0023800963931,0.00231299279378,0.00231299279378,97959428.042528
2019-11-29,0.00231467673035,0.00245750898694,0.00230497783662,0.00245617602056,97859845.2501035
2019-11-30,0.00245588222418,0.00247403438362,0.00231361115175,0.00231968955293,89565610.7131885
2019-12-01,0.00232001968681,0.00239423520129,0.00225711383535,0.00229185328359,77007808.8923259
2019-12-02,0.00229276641625,0.00231190997108,0.00220401869104,0.00223485791592,66782509.6841599
2019-12-03,0.00223351489286,0.00225589608571,0.0021666496402,0.00221708670803,62508731.7760223
2019-12-04,0.00221737225531,0.00224124375895,0.00216491570545,0.00220821626823,73151442.3317911
2019-12-05,0.00220858294967,0.00230482027388,0.00217152946961,0.00222295864041,66757792.0866592
2019-12-06,0.00222078650168,0.00227984167822,0.00218006015017,0.00222601726146,66932958.2195615
2019-12-07,0.00222995517821,0.00224831589848,0.00220094127205,0.00223033434759,62933099.3132765
2019-12-08,0.00222988928572,0.00234127036235,0.00220700040721,0.00223769623265,55442239.0168356
2019-12-09,0.00223687406628,0.00225071597008,0.00219830638288,0.00220798196102,62696753.0350412
2019-12-10,0.00220828699642,0.00222211890011,0.00218546100544,0.00220373930606,69802463.5995601
2019-12-11,0.00220167214534,0.00224022830135,0.00218107281778,0.00218463712829,64108061.7587459
2019-12-12,0.00218526849434,0.00219798133783,0.00216737699807,0.00218795855369,66238690.0620332
2019-12-13,0.00218733242038,0.0022075436726,0.00216461557478,0.00217495181928,65851726.231423
2019-12-14,0.00217468112486,0.0022038386232,0.00215019368325,0.00216969117541,71849717.4527259
2019-12-15,0.00217052989776,0.00217144563343,0.00207977103005,0.00215376931319,66491990.3615566
2019-12-16,0.00215381574061,0.00218368865829,0.0021120557039,0.00212057566142,68370094.7465288
2019-12-17,0.00211974156617,0.00215241470005,0.00199696870542,0.00201773492641,85349927.8724469
2019-12-18,0.00202451433747,0.00219188065352,0.00200794033843,0.0021829387843,98147108.7986645
2019-12-19,0.00218239648028,0.00219877862523,0.00204878453839,0.0021233079297,79064573.6966768
2019-12-20,0.00212706384572,0.00214135705303,0.00204836763651,0.002074712116,67083801.7727726
2019-12-21,0.00207685256333,0.0020879705723,0.00204354227505,0.00208370032969,66682998.4709584
2019-12-22,0.0020822510654,0.0021199481201,0.00207003729773,0.0021151834234,70976748.2446188
2019-12-23,0.00211292954743,0.00213672049251,0.00205450400977,0.00207283981569,77708508.8271351
2019-12-24,0.00207325502838,0.00211434384902,0.00205159169619,0.00207277734685,71860410.0098196
2019-12-25,0.00207231309879,0.00209820856096,0.00203562641208,0.00208842353126,79207263.5470731
2019-12-26,0.00208574954797,0.00209765516177,0.00204704691199,0.00205763093162,71906467.2753706
2019-12-27,0.00205877826874,0.00207509606565,0.0020319078614,0.00205255455318,75486740.4841171
2019-12-28,0.00205304159745,0.00209028353436,0.00205124697102,0.00206424908607,64539192.7501709
2019-12-29,0.00206305761795,0.00211416701321,0.00205641641378,0.00206824153146,67109831.6082238
2019-12-30,0.00206967094508,0.00207718615419,0.00204292784001,0.00205447039441,73171188.2800165
2019-12-31,0.00205635659454,0.00205635659454,0.00202182141947,0.00202836319982,69469784.8785975
2020-01-01,0.00202803659566,0.00205210277366,0.00202116784648,0.00203261369263,51180941.1988128
2020-01-02,0.002034263017,0.00211000661053,0.00198312407922,0.00200864316636,65071106.4314614
2020-01-03,0.00200797745495,0.00217720857595,0.0019909216556,0.00214537591726,62619987.7753259
2020-01-04,0.00214422562223,0.00248977929366,0.00204993707694,0.00224114404226,94227581.6380369
2020-01-05,0.00224000838726,0.00249129612839,0.00211677716906,0.00241907500068,52631739.9726728
2020-01-06,0.00241830831258,0.00256355220803,0.0023785053705,0.00246296624732,54562408.6907626
2020-01-07,0.00248482249403,0.00249680070033,0.0023536102482,0.00243276271083,52767343.0526486
2020-01-08,0.00243307456673,0.00246517661897,0.00226544916002,0.00229289449798,77251525.7058063
2020-01-09,0.00229132061379,0.00231418192112,0.00214530254466,0.00225609512288,70690570.9474755
2020-01-10,0.00225452971886,0.00236057837885,0.00219906387067,0.00235572195554,87683356.3334692
2020-01-11,0.0023506041955,0.00237290394666,0.00229564524653,0.00231355893682,94203408.7594624
2020-01-12,0.00231290635118,0.00241274467622,0.00231290635118,0.00238068085121,79426214.9145096
2020-01-13,0.00238105993017,0.00240659112624,0.00232706171294,0.00235775207561,83849845.9623477
2020-01-14,0.00235793220621,0.00251445194427,0.00234007231956,0.00247001915501,128635382.73067
2020-01-15,0.00246756594794,0.00254136271727,0.00236310083985,0.00236867289158,128940321.034096
2020-01-16,0.00237211327003,0.00242374453723,0.00229338596987,0.00234484342599,98124199.0159423
2020-01-17,0.00234619283029,0.0025163052694,0.00231049030767,0.00248989767607,117752841.322557
2020-01-18,0.00249017033757,0.00253791978197,0.00245245438396,0.00250705300116,108133942.546217
2020-01-19,0.00251421155995,0.0025699674685,0.00235925067246,0.00240503593,108085146.909213
2020-01-20,0.00240532218438,0.00242320509466,0.00235855738423,0.00237405636804,92022276.7692745
2020-01-21,0.00237448257089,0.00240267332314,0.00233502098449,0.00237642962309,84321564.8831663
2020-01-22,0.0023760457732,0.00239875586614,0.00232048567938,0.00232344565847,82852580.2035897
2020-01-23,0.00232333528058,0.00235785311416,0.0022381427731,0.0022676360167,91866620.0756167
2020-01-24,0.00226804391997,0.00229326466608,0.00221084509177,0.00227586396268,86865882.4412023
2020-01-25,0.00227608477213,0.00227622763617,0.00223524627456,0.00225733643253,82421398.539371
2020-01-26,0.00225750707117,0.00230657886026,0.00223957765131,0.00230463126793,73458474.4635296
2020-01-27,0.00230443420455,0.0024128433484,0.00228261079768,0.0023676715788,89023414.0232247
2020-01-28,0.00236528934793,0.00244963122028,0.00236259592559,0.00244957429366,91528770.7800709
2020-01-29,0.0024505937691,0.00247127759727,0.00238970348935,0.00238970348935,80676218.551824
2020-01-30,0.00239121670529,0.00244622046913,0.00237065630235,0.00244040648403,83967913.6332777
2020-01-31,0.00243987716575,0.00245836178031,0.00236865870288,0.00239356761727,76519295.2996293
2020-02-01,0.0023912523539,0.00243071650297,0.00238200232247,0.00242203987221,78730830.1274135
2020-02-02,0.0024210946761,0.00250593571639,0.00239459758092,0.00246847615167,91552514.9975183
2020-02-03,0.0024655324633,0.00251712213904,0.00242705444611,0.00243985236993,78856631.3267162
2020-02-04,0.0024384521317,0.00250330076161,0.00240153642099,0.00250330076161,89790001.9270715
2020-02-05,0.00250280464384,0.00262959312884,0.00249220847789,0.00258199194065,105741619.246949
2020-02-06,0.0025829508207,0.00267732566272,0.00257390284834,0.00265308518068,108711613.860144
2020-02-07,0.00265377022349,0.00277044967469,0.00264698827198,0.00276873283406,130273878.439191
2020-02-08,0.00276687934006,0.00320861521627,0.002722267254,0.00315859933344,203803814.432736
2020-02-09,0.00315572681907,0.00353090770508,0.0031521044337,0.0032322618551,218861526.972173
2020-02-10,0.00323389847498,0.00330279067661,0.00290448022736,0.00298630687472,195582002.591346
2020-02-11,0.00301142528662,0.00308516726417,0.00286418489159,0.00304072063452,169747135.251292
2020-02-12,0.00304067171672,0.00317261006427,0.00301312573125,0.0030927746093,181406959.870567
2020-02-13,0.00306355192466,0.00321597784472,0.00297312798759,0.00302589350169,168543941.872091
2020-02-14,0.00299921813851,0.00314697980097,0.00298117658947,0.00312984672139,140849233.404802
2020-02-15,0.003098151106,0.00318064384391,0.0028387425516,0.00291957020651,144726029.032137
2020-02-16,0.0029169360634,0.00296455574727,0.0026256145696,0.00277434354472,149831932.652471
2020-02-17,0.00273967916116,0.00277188341143,0.00254744691127,0.0027123059339,149622002.268655
2020-02-18,0.00267745276812,0.00284587764345,0.00265513406127,0.00283930475653,144188844.173512
2020-02-19,0.00283862882614,0.00287394256829,0.00262407597413,0.00262407597413,136889051.763577
2020-02-20,0.00262525252597,0.00267314995873,0.00256898607497,0.00265876742744,187866681.367442
2020-02-21,0.00265613845089,0.00270305764963,0.0026138909097,0.00264828187306,157652566.805765
2020-02-22,0.00265049723135,0.00265537951369,0.00257723601058,0.00260141704824,156145894.777609
2020-02-23,0.00259978757005,0.00268232053877,0.00259627491936,0.00268024490995,180747901.880684
2020-02-24,0.00267933824785,0.00268661324695,0.00255668095052,0.00258957518806,159143743.712974
2020-02-25,0.00259014193525,0.0025908845907,0.00243617303672,0.00247618181373,178541403.882041
2020-02-26,0.0024754729886,0.00248694856092,0.00221119133142,0.00233920598696,201370789.486761
2020-02-27,0.00233714202561,0.00240319677091,0.00229782565162,0.00232381539093,162813945.673302
2020-02-28,0.00232335238383,0.00237311878225,0.00222613371151,0.00228866329984,153544452.878022
2020-02-29,0.00228559754895,0.00232026464489,0.00223048691894,0.00223476519932,146635830.438949
2020-03-01,0.00223324588865,0.00229680516183,0.00222328139397,0.00227473880538,162437207.011672
2020-03-02,0.00227844706104,0.00237023955274,0.00225580722776,0.00234860618193,165788612.285701
2020-03-03,0.00234834810843,0.00252522364868,0.00231630988647,0.00249926038207,174988478.671668
2020-03-04,0.00249974632634,0.00250754041945,0.00236705771964,0.00239801828014,144601436.174355
2020-03-05,0.00239913423201,0.00253070008483,0.00239504424352,0.0025058081285,104912777.123124
2020-03-06,0.00250447439387,0.00251715003014,0.0024471878153,0.00249568949959,100268192.074792
2020-03-07,0.0025006567137,0.00251256801672,0.00240088407508,0.00240455118622,88138038.127239
2020-03-08,0.00240634642945,0.00240763324217,0.00218436966008,0.00218692869581,101738284.202157
2020-03-09,0.00218946609047,0.00223578392362,0.00210744136596,0.002214385992,137033008.069339
2020-03-10,0.00221684661248,0.00226253640501,0.00216579322961,0.00220657039104,115431584.056025
2020-03-11,0.00220790373353,0.00222755906428,0.00209904685398,0.00218361951571,107425625.627059
2020-03-12,0.00218337212567,0.00218752559803,0.00153507969007,0.00153719725716,167892774.384645
2020-03-13,0.00154012324907,0.00179920233865,0.00124705728423,0.00173782788709,218676976.371259
2020-03-14,0.00173677630905,0.00178442194787,0.00163961387803,0.00166574102907,113389100.802628
2020-03-15,0.00166361683519,0.00181888608521,0.00165461136353,0.00168525712399,119811060.024274
2020-03-16,0.00168383234508,0.00169915842051,0.00145316732782,0.00158719383581,134329667.89134
2020-03-17,0.00159088129544,0.00167739551888,0.00155815454776,0.00158737838162,102697603.635329
2020-03-18,0.00159031534734,0.00161174623793,0.00155231882819,0.00156558325002,102196814.279376
2020-03-19,0.0015663242201,0.00184378516187,0.00156172891541,0.00177324616116,251888349.686163
2020-03-20,0.00177146065095,0.00193073232182,0.00167874630143,0.00177257381331,188170527.680968
2020-03-21,0.00177065073175,0.00185077455867,0.00169321537368,0.00178454167789,166141810.700576
2020-03-22,0.00178458816747,0.00186756067454,0.00171874024782,0.00173089611723,161287088.166379
2020-03-23,0.00172747485145,0.00181668730263,0.00169195899932,0.00180457798459,166551896.685375
2020-03-24,0.00180515290863,0.00191243545919,0.00179935423268,0.00185077714731,177134004.946569
2020-03-25,0.00185199891894,0.00188982750507,0.00179916948017,0.00183394358965,163367838.830367
2020-03-26,0.0018330023006,0.00187163946288,0.00182705876754,0.00184156726062,162455889.500673
2020-03-27,0.00184342391083,0.00186834509923,0.00180425416264,0.00180707074512,166326062.287772
2020-03-28,0.00180509642022,0.00180822127561,0.00171623022999,0.00177781598513,169979142.144816
2020-03-29,0.00177690422393,0.00180477138122,0.0017173977706,0.00172325165211,156619234.855423
2020-03-30,0.00172313755399,0.00186774635499,0.00171749048052,0.0018310390192,163244392.001925
2020-03-31,0.00185067775508,0.00185067775508,0.00180450269037,0.00181093689299,156195509.883328
2020-04-01,0.00181180401888,0.00186718801299,0.00177552353123,0.00186665946146,163418627.038452
2020-04-02,0.00186791894312,0.00193964292291,0.00185015479902,0.00188208962187,165879605.137228
2020-04-03,0.00188316555046,0.00191628371374,0.00183373538234,0.00185306140071,161121844.839326
2020-04-04,0.00185288969342,0.00190977630809,0.00184122296026,0.00188041930407,160849685.833009
2020-04-05,0.00188030132148,0.00190914333729,0.00184682299604,0.00186508550498,152557917.832248
2020-04-06,0.00186588651428,0.00198339128609,0.00185171160356,0.00198009906661,173173222.659065
2020-04-07,0.00197208313751,0.00202968042503,0.00193425761593,0.00199730616322,129399793.175354
2020-04-08,0.0019860654436,0.00204356380665,0.00195988817293,0.00201180037074,116283369.495354
2020-04-09,0.00201290715055,0.00203306967943,0.00198469649234,0.00202147277353,109954538.116972
2020-04-10,0.00202128023066,0.00202250555375,0.00189123955371,0.00196818938555,122108790.040954
2020-04-11,0.00196803204122,0.00200423653894,0.00194115698542,0.00198968584004,161367395.821572
2020-04-12,0.0019894762578,0.00200919397884,0.00195112249152,0.00199009679949,169892708.923104
2020-04-13,0.00198953567707,0.00199045628225,0.00189426041597,0.00195887619798,167357649.924501
2020-04-14,0.00195791477406,0.00197991329601,0.001934892368,0.0019644674539,188937615.028641
2020-04-15,0.00196346777348,0.00197529543849,0.00190634901895,0.0019404909418,169903672.163655
2020-04-16,0.00194055175314,0.0020285864203,0.0018863368328,0.00202766685795,179859738.28028
2020-04-17,0.00202792961434,0.00202927218057,0.0019917978811,0.00201317424885,161550207.907536
2020-04-18,0.00201280283872,0.00206211998387,0.00200711107839,0.00206089804801,168186509.259874
2020-04-19,0.00205968008826,0.00207286150928,0.00202786972388,0.00205828164831,172576559.733405
2020-04-20,0.00205829650445,0.00206576398132,0.00196157295175,0.00198218735949,169715146.179229
2020-04-21,0.0019822690008,0.00203193087898,0.00195236997239,0.0019714929886,163652749.846191
2020-04-22,0.00197063480881,0.00203286892392,0.00196414543689,0.0020107609233,163753943.280852
2020-04-23,0.00201050149674,0.00212302559792,0.00200460915424,0.00204711915905,179000349.736625
2020-04-24,0.00204713286842,0.002120595069,0.00204178170515,0.00210275001818,209562151.263269
2020-04-25,0.00210188209465,0.0021459387905,0.00208686718807,0.00214152023241,229810398.160721
2020-04-26,0.00214052532256,0.00244447297046,0.00213590636272,0.00240908779398,287859775.042306
2020-04-27,0.00241047199814,0.00241422314646,0.00230785444108,0.00235487597207,276033020.492681
2020-04-28,0.00235385943238,0.002371895589,0.00232209974617,0.00233888391923,254905520.419956
2020-04-29,0.00233902163156,0.00254175531627,0.00233061737744,0.00251711012438,295698249.383771
2020-04-30,0.00251671205134,0.00268911358551,0.00239175099673,0.00244285692396,298563814.636249
2020-05-01,0.00244438898746,0.0025591132188,0.00244136599219,0.00249390855533,282886977.259135
2020-05-02,0.00249530395224,0.00255305842084,0.00247263431951,0.0025493532827,269155282.815427
2020-05-03,0.00254775160093,0.00258314075828,0.00247976876048,0.00251033363066,265156925.148762
2020-05-04,0.00251089274897,0.00251898192525,0.00238904884521,0.00248112275018,261454253.121606
2020-05-05,0.00248125914167,0.00252076447285,0.00244937458854,0.00248434437146,245861117.68197
2020-05-06,0.00248297859113,0.00258289777553,0.00247300795331,0.00252920563984,251393346.212209
2020-05-07,0.00251801615321,0.00267807966177,0.00247915773884,0.00266381209348,284491225.931706
2020-05-08,0.00265940036101,0.00267154038563,0.00259406374663,0.00262507205826,291757355.183199
2020-05-09,0.00262185808669,0.00263391454621,0.00256547074445,0.00261327021026,294993696.482121
2020-05-10,0.0026114633231,0.0026127467345,0.00236043939764,0.00245943195556,290801097.327196
2020-05-11,0.00245730958323,0.00251241201116,0.0023382020208,0.00241280930893,277646033.039948
2020-05-12,0.00241329068985,0.00251346103475,0.00240593783409,0.00246293499334,262934537.784634
2020-05-13,0.00246350582648,0.00252776816347,0.00245827567677,0.002521012853,265878079.914535
2020-05-14,0.00251792301072,0.00262340146094,0.00251213127802,0.00257418643829,283778649.043134
2020-05-15,0.00257352045975,0.00257704632804,0.00248677567756,0.00250579887897,261080156.202635
2020-05-16,0.00250655979222,0.00253444162219,0.00248357216062,0.00251255871804,254666484.609977
2020-05-17,0.00251235625636,0.00257804577105,0.00250927584036,0.00253811790149,258469066.564699
2020-05-18,0.00253653750135,0.00258688522529,0.00251327557746,0.00254340325196,265626959.443247
2020-05-19,0.00254371578925,0.00256500263314,0.00250124705038,0.00253829590552,182890489.217043
2020-05-20,0.00253895776267,0.00256348619887,0.00248743849259,0.00250788558316,178925411.274074
2020-05-21,0.00251013041714,0.00254926432928,0.00242339885389,0.00248516937718,200924557.277427
2020-05-22,0.00248597526472,0.00254340997997,0.00247295888414,0.00253305703263,215355484.922139
2020-05-23,0.00253255943601,0.00256458657687,0.00249927214405,0.00254392809652,208878704.699179
2020-05-24,0.00254424940901,0.00256102172403,0.00245113903257,0.00245783216888,186657328.407239
2020-05-25,0.00245552012124,0.00254622025144,0.00243499756375,0.00254011637701,214669451.558393
2020-05-26,0.00253927248783,0.00254207850828,0.00247212676763,0.00248639784778,185485979.330489
2020-05-27,0.00248556003239,0.00252920997498,0.00247206707011,0.00251013238024,186186772.343715
2020-05-28,0.00251162253548,0.0025588809906,0.00249491515082,0.0025235757466,220213442.296155
2020-05-29,0.00252350883452,0.00254921956964,0.00250440090131,0.00253230675417,200485432.60121
2020-05-30,0.00253137060313,0.00262566066249,0.00252262153209,0.0026151754841,200708874.282583
2020-05-31,0.00261535917102,0.00261744633951,0.00254924513323,0.00255457272583,188184731.476377
2020-06-01,0.00255515329479,0.00266157233596,0.00255268798399,0.00264671649786,195748335.372687
2020-06-02,0.00264740979706,0.00265494422908,0.00252020255729,0.00256123937294,200119263.924494
2020-06-03,0.00256151449081,0.00259804989662,0.0025458814744,0.00258259204268,190021630.451824
2020-06-04,0.00258264803147,0.00266920778287,0.00257143088507,0.00263060480934,194078581.796608
2020-06-05,0.00263160181462,0.00263376325318,0.0025803029897,0.00259572139217,188846627.297564
2020-06-06,0.00259537072254,0.00260609951136,0.00256620011894,0.00258717151414,175988364.959454
2020-06-07,0.00258717783615,0.00260949613887,0.0025583485708,0.00260607822265,188151454.502559
2020-06-08,0.00260556523253,0.00260661679549,0.00256081793578,0.00258420542458,187140782.641214
2020-06-09,0.00258362524536,0.00258737995197,0.00251678360965,0.00256859059104,175910196.588528
2020-06-10,0.00256850474236,0.00259465784642,0.00255294874021,0.00258419196064,182748021.141648
2020-06-11,0.00258423401933,0.00260241166878,0.00242924277994,0.00245225307828,183212797.554585
2020-06-12,0.00245496298998,0.00253269516396,0.00244663459794,0.00252016250652,194920048.283612
2020-06-13,0.00252044405855,0.00254095535153,0.0025005816288,0.00253307642103,188981850.434803
2020-06-14,0.00253263224231,0.00255406913578,0.00250082960974,0.002510551413,173334480.54131
2020-06-15,0.00250958935628,0.00251589990361,0.00240710081997,0.00247935904938,198803040.716304
2020-06-16,0.00247930791273,0.0025301354244,0.00243426322427,0.00248680407099,196212618.663596
2020-06-17,0.00248995355595,0.00249246663256,0.00245776201575,0.00248493206342,185083517.378104
2020-06-18,0.00248496509103,0.00249272228092,0.0024472860294,0.0024716281137,171388606.045657
2020-06-19,0.00247119080019,0.00247167270966,0.00242962551484,0.00243479543549,173280983.747046
2020-06-20,0.00243479543549,0.00246602096423,0.00241929583239,0.00244672448919,158275081.833547
2020-06-21,0.00244658042023,0.0024775294542,0.00244100588034,0.00244661127274,169917760.79596
2020-06-22,0.00244669164711,0.00249462986902,0.00244262214442,0.00247365531032,173530824.923514
2020-06-23,0.0024736543024,0.00249210498409,0.00245690589333,0.00248422997596,171604773.689305
2020-06-24,0.00248341606619,0.00249671925059,0.00238934048447,0.00242967777253,178380747.588073
2020-06-25,0.00243024948187,0.00243305961795,0.00239028020769,0.00241731547387,160003353.96721
2020-06-26,0.00241660802202,0.00242713480017,0.00235850527259,0.00235878130699,151319087.445401
2020-06-27,0.00235886386015,0.00237879818787,0.00229439562047,0.00231291877269,152534000.307842
2020-06-28,0.00231291877269,0.00236126649687,0.00228277900649,0.00232552384133,172693834.474989
2020-06-29,0.00232575364088,0.00234143458975,0.00230137950274,0.00231285401893,172655787.947334
2020-06-30,0.00231063632267,0.00234026267342,0.00229696082438,0.00231954990574,165641130.541211
2020-07-01,0.00231967699993,0.00237550128125,0.00230133718449,0.00235364643557,152549213.594416
2020-07-02,0.00233004601842,0.00238190153222,0.00230160116821,0.00236137740323,110789127.330532
2020-07-03,0.00236112180013,0.00236645317279,0.00230418966713,0.00231561292295,111575143.358904
2020-07-04,0.00231486795706,0.00233973626363,0.0022885195204,0.00230937918923,109218071.364662
2020-07-05,0.00230685499408,0.00232734163021,0.00227692079891,0.00230897750555,110140541.527889
2020-07-06,0.00230897750555,0.00262358896822,0.00230197142398,0.00261555969314,132105139.498588
2020-07-07,0.00261416456852,0.00325903217753,0.00259980703148,0.00308951160034,283970310.361701
2020-07-08,0.00309709910534,0.00542001576254,0.00306078338333,0.00474983280502,1226813925.47519
2020-07-09,0.00473192610271,0.00501420301924,0.00414797574361,0.00439683024377,511315526.875606
2020-07-10,0.00439389866656,0.00439389866656,0.00343781662152,0.00351487407648,225424868.968924
2020-07-11,0.00352839284223,0.00391975863942,0.00347573134647,0.00381096027347,155299369.183722
2020-07-12,0.00381061185126,0.00384355722903,0.0036137595687,0.00362961423704,87562043.0354612
2020-07-13,0.00362961423704,0.00363616431255,0.00305877753179,0.00317754191145,143177054.763983
2020-07-14,0.00316930502039,0.00336925071825,0.00306064250414,0.00329436923198,103213409.231289
2020-07-15,0.00328685296809,0.00330349082409,0.00307393342825,0.00308518154075,69399827.4902146
2020-07-16,0.00308584349819,0.0030978892422,0.0028927230049,0.00299486968647,78457844.3280713
2020-07-17,0.002991474861,0.0030841805679,0.00293705252161,0.00306071062451,74705370.7292261
2020-07-18,0.00306012232209,0.00362899670676,0.00303055283074,0.00347258780918,204080850.741675
2020-07-19,0.00346369996991,0.00375273464692,0.00332884955215,0.0033818603165,116746163.215813
2020-07-20,0.00338255297004,0.00343300481587,0.00316699882595,0.00323929313175,81038624.127322
2020-07-21,0.003231541188,0.00330874593668,0.00318691180987,0.00330461609515,77748188.7423196
2020-07-22,0.00330151972175,0.00330411714841,0.00322128017555,0.0032852164654,54443238.3468511
2020-07-23,0.00328308496642,0.00332117348291,0.00326505165125,0.00329470766319,58737114.8903037
2020-07-24,0.00329478496142,0.00332276345401,0.00317739423458,0.00321958986808,58910215.2011299
2020-07-25,0.00321942141869,0.00329493745902,0.00318927793026,0.0032340153331,63203395.8719845
2020-07-26,0.00323823170559,0.00326966737705,0.00318422623798,0.00323459683512,62592232.6375475
2020-07-27,0.00323425351682,0.00324314726333,0.00304021503845,0.00315332257459,83138807.5139824
2020-07-28,0.0031545646746,0.0032187127091,0.00313248207078,0.00319739452561,63084929.5986076
2020-07-29,0.00319794102695,0.00326189328326,0.00317531133721,0.00319239943282,55817190.9542058
2020-07-30,0.00319240905261,0.00324448746656,0.00316349296045,0.00323111702726,53506822.1659739
2020-07-31,0.00322931622551,0.00324043353509,0.00318095685678,0.00322536145576,54497306.3539633
2020-08-01,0.00322536145576,0.00379661378269,0.00320346581642,0.00368863841675,150687884.117937
2020-08-02,0.00369595797617,0.00373603754562,0.00326618592548,0.00333606320065,101249530.525504
2020-08-03,0.00333611267452,0.00344104840291,0.00330843927593,0.00338885940645,66931509.8879259
2020-08-04,0.00338850580829,0.00356076174037,0.00337626248177,0.00353467686213,74386428.159749
2020-08-05,0.0035433371286,0.00357686380572,0.00348472921693,0.00351273880895,66465689.9902671
2020-08-06,0.00351735497108,0.00363640317995,0.00346138180422,0.00355999753704,62944678.1979817
2020-08-07,0.00356331357337,0.00361137397489,0.00342486007768,0.00353279089449,68990008.7512855
2020-08-08,0.00353372520463,0.00353594129395,0.00345324432944,0.00350970368162,62509900.2385892
2020-08-09,0.00350814801077,0.00353273964311,0.00342975915507,0.00346312034529,57020040.4532064
2020-08-10,0.00346825628934,0.00355730451119,0.00345433726708,0.00349947915517,68038180.9448879
2020-08-11,0.0034948733542,0.00357094235846,0.00334612141485,0.00339437290683,78539442.2806132
2020-08-12,0.00339689917523,0.00353380729398,0.0033413250624,0.00348443981929,70865884.5673289
2020-08-13,0.00348333176646,0.00354929430345,0.00336503317228,0.00351651696678,73302994.4594709
2020-08-14,0.00351367588251,0.00357877383818,0.00347589842068,0.00356081322774,61334639.6949421
2020-08-15,0.00356262327324,0.00360690422976,0.00349970506841,0.0035394280134,64309678.3282054
2020-08-16,0.00354044107299,0.00355153489752,0.0034687327195,0.00352356188524,52637926.1546674
2020-08-17,0.00352356188524,0.00371833957299,0.00350042324968,0.0035910895949,77628715.3340108
2020-08-18,0.00359252200233,0.00370890348876,0.00348300880836,0.00351400000471,62570290.7956871
2020-08-19,0.00350815079359,0.00353821694438,0.00336835029875,0.00342392483801,53306856.6422348
2020-08-20,0.00342405848392,0.00349947329478,0.00339030822768,0.00345920839765,43536655.8816268
2020-08-21,0.00345749886046,0.00355360927319,0.00338902557868,0.0033930927765,60621267.7767033
2020-08-22,0.00339240687747,0.00344657956043,0.00335426566186,0.00344199910741,44884851.5547098
2020-08-23,0.00343785251498,0.00345264429793,0.00338790730376,0.00341420138625,39485547.7995238
2020-08-24,0.0034100793351,0.00346535621139,0.00338573634444,0.00341794100538,46470522.3026062
2020-08-25,0.00341753808361,0.00343400626984,0.003239182539,0.00330459969502,76826313.7296353
2020-08-26,0.0033010312305,0.00334468938207,0.00325093627174,0.00330334680301,80416710.5078088
2020-08-27,0.00329989317539,0.00331426199066,0.00316547341274,0.00320270500525,89847092.572448
2020-08-28,0.00320275645765,0.00327112793296,0.00318201843149,0.00326845900977,64056956.7113019
2020-08-29,0.00326728080542,0.00330055148856,0.00324154708986,0.00328209786242,78149363.3156677
2020-08-30,0.00328363442687,0.00334382968499,0.00327407612489,0.00330005441966,79325828.8439739
2020-08-31,0.003301441846,0.00330799394296,0.00320387553662,0.00322058769154,85369756.8650448
2020-09-01,0.0032196807647,0.00328119892811,0.00319404291245,0.00325598510364,81863763.6535615
2020-09-02,0.00325791655764,0.00326638107494,0.00306505764398,0.00312246448197,56647412.3634425
2020-09-03,0.00312246448197,0.003133536115,0.00279025659868,0.00280242888396,59904548.4601803
2020-09-04,0.0027990392892,0.00295756827328,0.00275293218216,0.00289861774339,53434717.4278478
2020-09-05,0.00289953097819,0.00293434437613,0.00271978452292,0.00275826082979,62295889.2597269
2020-09-06,0.00275826082979,0.00281354698832,0.00270369882595,0.00278692625475,89557153.6707519
2020-09-07,0.00278723122988,0.0028319050207,0.00270833345624,0.00281146182353,102610335.245973
2020-09-08,0.00282024888423,0.00283397842274,0.00270019014813,0.00275559598288,57144395.9788361
2020-09-09,0.0027582686588,0.00280683805083,0.00270424673245,0.002779059033,77050464.3110532
2020-09-10,0.00279212484823,0.00285902404186,0.00275235277665,0.00280522517098,104276032.350199
2020-09-11,0.00280522517098,0.00282505107632,0.00274161722208,0.00280618314249,134077501.334522
2020-09-12,0.00280232558719,0.00283071145607,0.00278118469371,0.00281883865164,117125272.019629
2020-09-13,0.00281883865164,0.00282366700457,0.00274554268201,0.00277613529816,124253231.723265
2020-09-14,0.00277565505128,0.00284286962342,0.00274190203368,0.00280261820095,128520945.84121
2020-09-15,0.00279900854707,0.00287788345169,0.00278489617202,0.00283175218386,100194173.913533
2020-09-16,0.00283058727376,0.00285876321951,0.00279084034763,0.00282580414546,148555504.92577
2020-09-17,0.00282429295246,0.00285861564745,0.00278072224972,0.00281351188423,161305348.677396
2020-09-18,0.00281351188423,0.00282493493482,0.00274891534786,0.00280418076664,147868185.39559
2020-09-19,0.00279628175976,0.00281360340445,0.00277255429331,0.00279371872161,147046519.887859
2020-09-20,0.00279412734447,0.00280611771343,0.00272171996799,0.00277797060134,145951916.909639
2020-09-21,0.00277766127354,0.00280229245795,0.00261604667287,0.0026303224094,78753428.0664613
2020-09-22,0.00262515981307,0.00267172136141,0.00260365833542,0.00265602058496,36467574.0484483
2020-09-23,0.00264799,0.00265092,0.00254017,0.00256045,79707709.28778756
2020-09-24,0.00255728,0.00264999,0.00253555,0.00262828,111915974.49752316
2020-09-25,0.00262813,0.00272148,0.00261648,0.00269849,124575712.47133271
2020-09-26,0.00269872,0.00275261,0.00267844,0.00271612,108180295.77055018
2020-09-27,0.00269684,0.00273393,0.00266419,0.00269206,76293171.60916124
2020-09-28,0.00270924,0.0027398,0.00263962,0.00265201,102662349.66502228
2020-09-29,0.00266206,0.00270954,0.00263576,0.00268541,109463112.96513724
2020-09-30,0.00268287,0.00268511,0.00261719,0.00263015,106684831.91530918
2020-10-01,0.00263053,0.00268151,0.00258433,0.00261584,116194992.32417732
2020-10-02,0.00261442,0.002628,0.0025394,0.0025834,128239854.91332117
2020-10-03,0.00258305,0.0026396,0.00257411,0.00259883,116046378.46858324
2020-10-04,0.00260592,0.00268179,0.00258973,0.00263489,92364518.1976392
2020-10-05,0.00263245,0.0026616,0.00259921,0.00261238,127881032.44747798
2020-10-06,0.00261242,0.00262786,0.00257354,0.00261147,105669880.99167173
2020-10-07,0.00259251,0.0026122,0.00256496,0.00259518,125523508.4800832
2020-10-08,0.00258433,0.00263081,0.00256011,0.00259556,109356096.16405
2020-10-09,0.00261625,0.00266676,0.00259469,0.00265253,100051523.36676352
2020-10-10,0.00265449,0.00271559,0.00265414,0.00265453,96632426.17882374
2020-10-11,0.0026671,0.00270611,0.00264896,0.00267363,107632465.40275954
2020-10-12,0.00267412,0.00270764,0.00262869,0.00267315,101246789.18481952
2020-10-13,0.00266664,0.00267653,0.00262669,0.0026351,76963142.14283797
2020-10-14,0.00263355,0.00265317,0.00261777,0.00263711,87293434.1380699
2020-10-15,0.00264995,0.00265053,0.00256916,0.00259265,83794206.76025686
2020-10-16,0.00259479,0.00261563,0.00255745,0.00261207,117882236.4710086
2020-10-17,0.00260323,0.00261218,0.0025726,0.00258111,125692390.54710709
2020-10-18,0.00258097,0.00260105,0.00257653,0.00258649,72298802.99639097
2020-10-19,0.00259484,0.00261854,0.00257212,0.00258976,91049561.77746716
2020-10-20,0.00259049,0.00262338,0.00258055,0.00260093,65577101.39370571
2020-10-21,0.00260031,0.00265741,0.00259368,0.00263032,45017114.75006626
2020-10-22,0.00262654,0.00268856,0.0026244,0.00265502,44976452.59602198
2020-10-23,0.00264869,0.00269116,0.00263654,0.0026469,46856081.82022166
2020-10-24,0.0026468,0.00265316,0.00262372,0.0026455,44797614.07646568
2020-10-25,0.00264547,0.00267635,0.00262441,0.00265314,58532388.31934882
2020-10-26,0.0026531,0.00289283,0.00263565,0.00267853,122152251.23599675
2020-10-27,0.0026787,0.00270831,0.00262958,0.00267665,78927089.13372976
2020-10-28,0.0026766,0.0026974,0.00257461,0.00259499,72848720.03273295
2020-10-29,0.00259499,0.00262285,0.00251772,0.00258066,58929514.61026682
2020-10-30,0.00258067,0.00260696,0.00253304,0.00259836,63444096.56196526
2020-10-31,0.00259836,0.00260324,0.00255588,0.00257594,56189318.45393609
2020-11-01,0.00257594,0.00259035,0.00256138,0.00258175,45528681.71535002
2020-11-02,0.00258171,0.00259212,0.0025152,0.00251712,50142375.90190696
2020-11-03,0.00251712,0.00253033,0.00245235,0.00252762,62871653.29564408
2020-11-04,0.00252767,0.00255823,0.00249686,0.00253328,52552651.19084293
2020-11-05,0.00253331,0.00263884,0.00249556,0.00261685,31611962.83952503
2020-11-06,0.00261651,0.0028012,0.00260828,0.00275989,54267546.01738174
2020-11-07,0.00275989,0.00281915,0.0026119,0.00267068,44610218.60876558
2020-11-08,0.00267068,0.00274173,0.0026577,0.00271064,22754531.46284783
2020-11-09,0.00271063,0.00278636,0.00266267,0.00266953,28124348.34759612
2020-11-10,0.00266996,0.00285141,0.00265495,0.00275341,39633173.34245216
2020-11-11,0.00275339,0.00283705,0.00275337,0.00276896,33138759.44625409
2020-11-12,0.00276886,0.00279124,0.00274703,0.00277901,24028261.09940788
2020-11-13,0.00277891,0.00283587,0.00277714,0.00282145,29217750.24760517
2020-11-14,0.00282145,0.00282145,0.00272132,0.002773,30334380.15181234
2020-11-15,0.002773,0.00281344,0.00273905,0.00277541,25131683.16384914
2020-11-16,0.00277541,0.00300916,0.00275741,0.00288579,52063283.14951883
2020-11-17,0.00290789,0.00297583,0.00288573,0.00293588,46631463.56906617
2020-11-18,0.00293565,0.00299917,0.00285476,0.00290902,49460064.46029298
2020-11-19,0.0029091,0.00295967,0.00286789,0.00291104,40330643.39774828
2020-11-20,0.0029111,0.00301078,0.00290823,0.00298434,57656464.67502389
2020-11-21,0.00298434,0.00354893,0.00298434,0.00350659,162641693.8299561
2020-11-22,0.00350659,0.00366037,0.00318139,0.0033293,121660410.40314978
2020-11-23,0.00332931,0.00364797,0.00323165,0.00364797,101561039.02771267
2020-11-24,0.00364463,0.00420434,0.00357915,0.00420366,266716035.5821468
2020-11-25,0.00419989,0.0042563,0.00364154,0.00372672,174459927.37276715
2020-11-26,0.00372699,0.00379348,0.00297994,0.00324982,175520294.13100785
2020-11-27,0.00325027,0.00335546,0.00309254,0.00327521,92323023.05928892
2020-11-28,0.00327508,0.00346961,0.00324746,0.00340487,58033649.76552373
2020-11-29,0.00340482,0.0035301,0.00335794,0.00344778,46319971.50239841
2020-11-30,0.00344751,0.00358039,0.00341425,0.00355089,68622735.89581834
2020-12-01,0.00355136,0.00357202,0.00326929,0.0033347,80163603.19417746
2020-12-02,0.00333487,0.00343639,0.00329289,0.00337436,58705660.95285772
2020-12-03,0.00337518,0.00349978,0.00335193,0.00342761,47907031.89841977
2020-12-04,0.00342858,0.0034465,0.00328513,0.00329811,45062221.83063046
2020-12-05,0.00329714,0.00341428,0.00326813,0.00339687,43386582.50777515
2020-12-06,0.00339677,0.00344218,0.00334326,0.0033884,40936574.16077077
2020-12-07,0.0033882,0.00340024,0.00332001,0.00334233,36923813.65951508
2020-12-08,0.00334307,0.00336063,0.00313779,0.00317934,52702701.20649175
2020-12-09,0.00317889,0.0031817,0.00301599,0.00315811,45746721.98152881
2020-12-10,0.0031582,0.0031647,0.00306605,0.0031046,33740987.80140024
2020-12-11,0.00310475,0.00310967,0.00300878,0.0030788,41712942.30820078
2020-12-12,0.00307902,0.00318397,0.00307487,0.00316309,35466154.64690051
2020-12-13,0.00316358,0.00327413,0.00315334,0.00325587,37464322.6939369
2020-12-14,0.00325582,0.00327897,0.0031991,0.00323079,36238516.36753771
2020-12-15,0.00323041,0.00325017,0.00317804,0.00320577,37127782.10309942
2020-12-16,0.00320549,0.00342188,0.00318609,0.00341629,50989880.33199208
2020-12-17,0.00341616,0.00411293,0.00340598,0.0037298,172736659.43813312
2020-12-18,0.00373033,0.00396978,0.00361838,0.00385822,101799430.2006038
2020-12-19,0.0038585,0.00401843,0.00381024,0.00392675,98447179.31340931
2020-12-20,0.00392606,0.00467753,0.00382694,0.00462466,508066004.1764674
2020-12-21,0.00462681,0.00540576,0.00436308,0.00478746,664160056.7541548
2020-12-22,0.00478448,0.00484255,0.00436991,0.00450782,239288785.27054617
2020-12-23,0.00450782,0.00473517,0.00363983,0.00376766,205080908.3283112
2020-12-24,0.00376782,0.00457729,0.00369705,0.00457046,143405579.57746467
2020-12-25,0.00456994,0.00461316,0.00439461,0.00458201,136819916.99111652
2020-12-26,0.00458096,0.0046398,0.00442294,0.00449367,151728507.37827048
2020-12-27,0.00449345,0.00480475,0.00442851,0.00454771,154526398.6505865
2020-12-28,0.00454773,0.00471627,0.00452339,0.00459177,99641525.44576532
2020-12-29,0.00459213,0.00460785,0.00427753,0.00448647,90876496.56445208
2020-12-30,0.00448661,0.004703,0.0044527,0.00463551,94834499.39975916
2020-12-31,0.00463551,0.00474347,0.00455281,0.00468225,85498337.18785244
2021-01-01,0.00468094,0.00568496,0.00461528,0.00568496,228961514.86652875
2021-01-02,0.00568641,0.01369815,0.00558386,0.01061451,3421562679.53114
2021-01-03,0.01060243,0.01386655,0.00940941,0.00977052,2707003608.303009
2021-01-04,0.0097845,0.01142102,0.00787753,0.00976719,1372398978.5185788
2021-01-05,0.00976688,0.01021856,0.00897184,0.0099204,687256066.6637663
2021-01-06,0.00992297,0.01085421,0.00968492,0.01046514,749915516.1512878
2021-01-07,0.01045376,0.01053197,0.00916241,0.00974244,520644705.5588436
2021-01-08,0.0097434,0.01028548,0.00898616,0.00984637,394462163.61416286
2021-01-09,0.00983273,0.01074016,0.00974038,0.01019416,485842353.134425
2021-01-10,0.01019315,0.01086724,0.00917681,0.00985959,458583518.7090016
2021-01-11,0.00985798,0.00985798,0.00677014,0.00883453,637956958.0970647
2021-01-12,0.0088302,0.00914451,0.00790427,0.00806287,333308456.85695297
2021-01-13,0.00806217,0.00864613,0.00778733,0.00861635,240079032.8981285
2021-01-14,0.00861863,0.01002992,0.00834908,0.00939673,428369038.6504589
2021-01-15,0.00938877,0.00979644,0.00845975,0.00936903,398965924.687269
2021-01-16,0.00936665,0.00953136,0.00914007,0.00926465,258630479.61106172
2021-01-17,0.009263,0.00936668,0.0088414,0.00906651,254487988.6348023
2021-01-18,0.00906962,0.00929542,0.00898064,0.0091711,205025648.0237906
2021-01-19,0.00917244,0.00961333,0.00901992,0.0090982,249242631.68512392
2021-01-20,0.00909604,0.00915288,0.00852898,0.00906009,220205442.35660052
2021-01-21,0.009062,0.00908936,0.00806144,0.00816632,215419838.75352463
2021-01-22,0.00816462,0.00876921,0.00765432,0.0085235,185490003.41574216
2021-01-23,0.00851965,0.00880799,0.00838848,0.00857912,154393736.85452837
2021-01-24,0.00857834,0.00895097,0.00851582,0.00872708,162191977.18571153
2021-01-25,0.00872686,0.00887891,0.00827601,0.00838293,180820875.3844081
2021-01-26,0.008382,0.0084555,0.00802161,0.00825458,161173748.76523164
2021-01-27,0.00825538,0.00825941,0.00729356,0.0074815,204797186.03311
2021-01-28,0.00748061,0.03417659,0.00735142,0.03408356,10971544561.29
2021-01-29,0.04373372,0.07797325,0.03234054,0.04716157,25403310432.42
2021-01-30,0.04680256,0.04990136,0.02248832,0.02817592,8735576552.61
2021-01-31,0.02819051,0.04528851,0.02710178,0.03719621,8548997881.64
2021-02-01,0.03705359,0.04325,0.03336688,0.03487468,6319224026.18
2021-02-02,0.03491033,0.0349257,0.02919459,0.03152025,3090896594.91
2021-02-03,0.03149316,0.03910517,0.03114623,0.03712003,3146856788.26
2021-02-04,0.03722574,0.05786878,0.03594477,0.05328933,13040837600.68
2021-02-05,0.05304323,0.05373973,0.04353977,0.04693473,6136160057.73
2021-02-06,0.04693104,0.05830786,0.04490357,0.05759472,5946101274.57
2021-02-07,0.05750161,0.08435716,0.0542393,0.07878179,14261024073.31
2021-02-08,0.07835245,0.08494506,0.06470163,0.07882511,12844375209.99
2021-02-09,0.0787726,0.0831277,0.0656209,0.07006957,7348840814.22
2021-02-10,0.07011055,0.08109109,0.06852545,0.07289631,6785088422.26
2021-02-11,0.07284431,0.0743014,0.06829016,0.06967585,3818556738.8
2021-02-12,0.06965016,0.07261018,0.06144501,0.07006853,4190843783.52
2021-02-13,0.0700246,0.07164625,0.06613511,0.06644953,2618049766.47
2021-02-14,0.06644842,0.06644842,0.05672307,0.06253697,3984667628.47
2021-02-15,0.06256832,0.06392375,0.04854737,0.05659087,4944804937.93
2021-02-16,0.0564875,0.05966752,0.05098287,0.05352025,3409478695.84
2021-02-17,0.05352225,0.05498263,0.04803387,0.04937563,2976148722.54
2021-02-18,0.04936332,0.06179931,0.04898933,0.05954129,4551943638.05
2021-02-19,0.05943402,0.05949659,0.05431458,0.05513934,2949251417.7
2021-02-20,0.05513205,0.06028569,0.05162842,0.05438446,3175468554.07
2021-02-21,0.05436871,0.05842831,0.05355587,0.05597983,2450293068.34
2021-02-22,0.05604415,0.06046605,0.04709622,0.05372515,3366757324.18
2021-02-23,0.05369844,0.05376828,0.04241035,0.04739205,2394345360.88
2021-02-24,0.04741442,0.05987291,0.0462159,0.05655541,4148511571.38
2021-02-25,0.0566146,0.05780827,0.04986917,0.05016734,2356982021.71
2021-02-26,0.0501381,0.0524721,0.04870779,0.05047986,1694323465.91
2021-02-27,0.05049989,0.05191956,0.04929685,0.0500829,1286229525.84
