date,open,high,low,close,volume
2017-10-02,302.48199462890625,302.9200134277344,294.5820007324219,297.4750061035156,339443008.0
2017-10-03,297.4830017089844,300.1109924316406,288.13299560546875,292.4630126953125,321680000.0
2017-10-04,292.7539978027344,299.3940124511719,290.8949890136719,292.6579895019531,257906000.0
2017-10-05,292.77301025390625,298.0409851074219,288.8399963378906,295.8630065917969,253747008.0
2017-10-06,295.1549987792969,308.8399963378906,294.947998046875,308.5880126953125,318664000.0
2017-10-07,308.8919982910156,313.1300048828125,304.9750061035156,311.1239929199219,342204992.0
2017-10-08,311.0589904785156,312.5419921875,308.02801513671875,308.6080017089844,293167008.0
2017-10-09,308.6669921875,309.31298828125,288.1849975585937,297.3919982910156,559467008.0
2017-10-10,297.6010131835937,306.15399169921875,293.1730041503906,299.8699951171875,359705984.0
2017-10-11,301.1809997558594,304.3900146484375,299.09600830078125,303.4559936523437,264146000.0
2017-10-12,303.4979858398437,309.1510009765625,303.2900085449219,304.135986328125,527556992.0
2017-10-13,304.0790100097656,348.59600830078125,299.6570129394531,338.7569885253906,1304359936.0
2017-10-14,338.8519897460937,347.9750061035156,334.697998046875,339.62799072265625,516561984.0
2017-10-15,339.52899169921875,342.7170104980469,320.427001953125,336.5950012207031,635406976.0
2017-10-16,336.71099853515625,349.3450012207031,332.0419921875,333.3840026855469,692884992.0
2017-10-17,333.4840087890625,333.4840087890625,311.7869873046875,317.0820007324219,509924000.0
2017-10-18,316.9440002441406,317.2359924316406,290.635986328125,314.3190002441406,606113984.0
2017-10-19,314.5379943847656,316.7139892578125,305.8280029296875,308.0880126953125,349830016.0
2017-10-20,308.0459899902344,311.43798828125,303.4939880371094,304.0060119628906,396672992.0
2017-10-21,303.5719909667969,303.92999267578125,291.7680053710937,300.18701171875,408014016.0
2017-10-22,300.54901123046875,305.50201416015625,292.8139953613281,295.4460144042969,327387008.0
2017-10-23,295.09600830078125,295.7479858398437,277.57501220703125,286.95001220703125,482336000.0
2017-10-24,287.1199951171875,311.9580078125,282.6579895019531,298.3280029296875,684281024.0
2017-10-25,298.43701171875,301.8489990234375,290.7179870605469,297.92498779296875,325040000.0
2017-10-26,298.0220031738281,301.0660095214844,295.2229919433594,296.5270080566406,270272992.0
2017-10-27,296.50799560546875,299.2560119628906,294.0589904785156,297.4230041503906,257168992.0
2017-10-28,297.9150085449219,300.35699462890625,293.5849914550781,296.2980041503906,264424000.0
2017-10-29,296.3810119628906,313.7550048828125,296.3810119628906,305.0880126953125,551752000.0
2017-10-30,304.7820129394531,310.4960021972656,304.3519897460937,307.7510070800781,331441984.0
2017-10-31,307.37799072265625,310.5480041503906,305.8789978027344,305.8789978027344,369583008.0
2017-11-01,305.7619934082031,306.4010009765625,290.5830078125,291.6940002441406,553864000.0
2017-11-02,290.7250061035156,293.9070129394531,281.1719970703125,287.4289855957031,904900992.0
2017-11-03,288.4970092773437,308.31298828125,287.6929931640625,305.71099853515625,646339968.0
2017-11-04,305.4809875488281,305.4809875488281,295.802001953125,300.468994140625,416479008.0
2017-11-05,300.0369873046875,301.3710021972656,295.11700439453125,296.26300048828125,337657984.0
2017-11-06,296.427001953125,305.4150085449219,293.7170104980469,298.8919982910156,579358976.0
2017-11-07,298.5679931640625,304.8420104980469,290.7669982910156,294.65899658203125,540766016.0
2017-11-08,294.27099609375,318.7019958496094,293.1029968261719,309.07000732421875,967955968.0
2017-11-09,308.6449890136719,329.4519958496094,307.0559997558594,320.8840026855469,893249984.0
2017-11-10,320.6709899902344,324.7179870605469,294.5419921875,299.25299072265625,885985984.0
2017-11-11,298.58599853515625,319.4530029296875,298.1919860839844,314.6809997558594,842300992.0
2017-11-12,314.69000244140625,319.15301513671875,298.51300048828125,307.9079895019531,1613479936.0
2017-11-13,307.0249938964844,328.4150085449219,307.0249938964844,316.71600341796875,1041889984.0
2017-11-14,316.76300048828125,340.177001953125,316.76300048828125,337.6310119628906,1069680000.0
2017-11-15,337.9639892578125,340.9119873046875,329.81298828125,333.35699462890625,722665984.0
2017-11-16,333.4429931640625,336.15899658203125,323.6059875488281,330.92401123046875,797254016.0
2017-11-17,330.1669921875,334.9639892578125,327.52301025390625,332.3940124511719,621732992.0
2017-11-18,331.9800109863281,349.6159973144531,327.68701171875,347.61199951171875,649638976.0
2017-11-19,347.4010009765625,371.2909851074219,344.739990234375,354.385986328125,1181529984.0
2017-11-20,354.093994140625,372.1369934082031,353.2890014648437,366.7300109863281,807027008.0
2017-11-21,367.4429931640625,372.4700012207031,350.6929931640625,360.4010009765625,949912000.0
2017-11-22,360.31201171875,381.4200134277344,360.1470031738281,380.6520080566406,800819008.0
2017-11-23,381.4389953613281,425.5480041503906,376.0880126953125,410.1659851074219,1845680000.0
2017-11-24,412.5010070800781,480.9729919433594,402.7579956054688,474.9110107421875,2292829952.0
2017-11-25,475.6759948730469,485.1919860839844,461.0530090332031,466.2760009765625,1422080000.0
2017-11-26,465.9739990234375,472.7229919433594,451.6059875488281,471.3299865722656,1197779968.0
2017-11-27,471.531005859375,493.4049987792969,468.4849853515625,480.3550109863281,1396480000.0
2017-11-28,480.51800537109375,482.4800109863281,466.3469848632813,472.9020080566406,1346499968.0
2017-11-29,473.281005859375,522.3070068359375,425.0710144042969,427.5230102539063,2675940096.0
2017-11-30,431.2149963378906,465.49700927734375,401.2430114746094,447.114013671875,1903040000.0
2017-12-01,445.2090148925781,472.6090087890625,428.31201171875,466.5400085449219,1247879936.0
2017-12-02,466.85101318359375,476.239013671875,456.6530151367188,463.4490051269531,943649984.0
2017-12-03,463.7049865722656,482.8139953613281,451.85198974609375,465.8529968261719,990556992.0
2017-12-04,466.0539855957031,474.7770080566406,453.31201171875,470.2040100097656,1005550016.0
2017-12-05,470.29400634765625,473.5580139160156,457.6600036621094,463.281005859375,1216720000.0
2017-12-06,462.60400390625,462.7080078125,420.2099914550781,428.5880126953125,1998259968.0
2017-12-07,426.3689880371094,441.3970031738281,414.4110107421875,434.4079895019531,2129570048.0
2017-12-08,434.989013671875,466.06201171875,422.3670043945313,456.031005859375,2336379904.0
2017-12-09,457.343994140625,504.1470031738281,456.25299072265625,473.50201416015625,2003849984.0
2017-12-10,472.78900146484375,472.78900146484375,429.5140075683594,441.7210083007813,1404179968.0
2017-12-11,440.3580017089844,516.968994140625,439.10400390625,515.135986328125,1771440000.0
2017-12-12,522.2860107421875,657.3179931640625,504.4939880371094,651.4310302734375,5179829760.0
2017-12-13,644.906005859375,747.9929809570312,597.7979736328125,702.7670288085938,4524539904.0
2017-12-14,700.593994140625,753.1209716796875,664.989013671875,695.8159790039062,3821580032.0
2017-12-15,696.3759765625,697.1320190429688,621.0609741210938,684.447998046875,2758710016.0
2017-12-16,686.1920166015625,718.385009765625,680.7860107421875,696.208984375,2165690112.0
2017-12-17,696.2369995117188,735.8250122070312,696.2369995117188,719.9749755859375,2147389952.0
2017-12-18,721.7319946289062,803.927978515625,689.2310180664062,794.64501953125,3249230080.0
2017-12-19,793.9010009765625,881.9439697265625,785.3419799804688,826.822998046875,4096549888.0
2017-12-20,827.5159912109375,845.06201171875,756.0040283203125,819.0859985351562,3969939968.0
2017-12-21,820.2360229492188,880.5430297851562,792.6890258789062,821.06298828125,3569060096.0
2017-12-22,822.6430053710938,827.6829833984375,543.7620239257812,674.8599853515625,4977710080.0
2017-12-23,681.3159790039062,763.89501953125,679.7310180664062,719.3870239257812,2480339968.0
2017-12-24,721.7689819335938,721.7689819335938,614.9219970703125,694.1480102539062,2300549888.0
2017-12-25,698.8699951171875,782.52099609375,698.8699951171875,765.833984375,2491760128.0
2017-12-26,763.3699951171875,786.7899780273438,760.9349975585938,773.8359985351562,2201159936.0
2017-12-27,774.969970703125,789.2529907226562,738.4130249023438,762.8419799804688,2100029952.0
2017-12-28,762.2080078125,763.3189697265625,701.18701171875,737.0230102539062,2389149952.0
2017-12-29,740.3889770507812,770.1170043945312,729.6079711914062,753.5919799804688,2648969984.0
2017-12-30,753.8150024414062,753.8150024414062,685.2310180664062,717.2570190429688,3187780096.0
2017-12-31,712.2119750976562,760.3480224609375,710.1190185546875,756.7329711914062,2554269952.0
2018-01-01,755.7570190429688,782.530029296875,742.0040283203125,772.6409912109375,2595760128.0
2018-01-02,772.3460083007812,914.8300170898438,772.3460083007812,884.4439697265625,5783349760.0
2018-01-03,886.0,974.4710083007812,868.4509887695312,962.719970703125,5093159936.0
2018-01-04,961.7130126953124,1045.0799560546875,946.0859985351562,980.9219970703124,6502859776.0
2018-01-05,975.75,1075.3900146484375,956.3250122070312,997.719970703125,6683149824.0
2018-01-06,995.1539916992188,1060.7099609375,994.6220092773438,1041.6800537109375,4662219776.0
2018-01-07,1043.010009765625,1153.1700439453125,1043.010009765625,1153.1700439453125,5569880064.0
2018-01-08,1158.260009765625,1266.9300537109375,1016.0499877929688,1148.530029296875,8450970112.0
2018-01-09,1146.0,1320.97998046875,1145.489990234375,1299.739990234375,7965459968.0
2018-01-10,1300.3399658203125,1417.3800048828125,1226.5999755859375,1255.8199462890625,9214950400.0
2018-01-11,1268.0899658203125,1337.300048828125,1135.1700439453125,1154.9300537109375,7235899904.0
2018-01-12,1158.2900390625,1296.0400390625,1120.0899658203125,1273.199951171875,5222300160.0
2018-01-13,1270.469970703125,1432.8800048828125,1270.469970703125,1396.4200439453125,5746760192.0
2018-01-14,1397.47998046875,1400.56005859375,1286.2099609375,1366.77001953125,4841630208.0
2018-01-15,1365.2099609375,1390.5899658203125,1290.5999755859375,1291.9200439453125,4781100032.0
2018-01-16,1292.6300048828125,1292.6300048828125,875.5449829101562,1053.68994140625,8405139968.0
2018-01-17,1061.3399658203125,1090.22998046875,780.9219970703125,1014.25,8545160192.0
2018-01-18,1016.4400024414062,1100.31005859375,967.7589721679688,1036.280029296875,5938319872.0
2018-01-19,1028.8199462890625,1093.219970703125,1003.7100219726562,1039.0999755859375,4084450048.0
2018-01-20,1044.949951171875,1167.1099853515625,1044.949951171875,1155.1500244140625,3975190016.0
2018-01-21,1155.6800537109375,1155.6800537109375,1021.5,1049.5799560546875,3378089984.0
2018-01-22,1055.3499755859375,1089.0999755859375,930.7410278320312,1003.260009765625,3810099968.0
2018-01-23,1004.1699829101562,1023.22998046875,920.5399780273438,986.22900390625,3556699904.0
2018-01-24,987.4769897460938,1062.43994140625,965.8079833984376,1058.780029296875,3944039936.0
2018-01-25,1063.219970703125,1104.6600341796875,1034.739990234375,1056.030029296875,4050190080.0
2018-01-26,1052.699951171875,1080.5999755859375,996.7839965820312,1055.1700439453125,3617690112.0
2018-01-27,1055.75,1121.97998046875,1042.1199951171875,1107.0699462890625,3002870016.0
2018-01-28,1111.780029296875,1257.77001953125,1111.780029296875,1246.010009765625,5372329984.0
2018-01-29,1246.699951171875,1256.699951171875,1169.0799560546875,1182.3599853515625,3715079936.0
2018-01-30,1184.1300048828125,1184.6300048828125,1058.969970703125,1071.1300048828125,4107859968.0
2018-01-31,1071.0899658203125,1128.6600341796875,1034.5,1118.31005859375,3757560064.0
2018-02-01,1119.3699951171875,1161.3499755859375,984.8189697265624,1036.7900390625,5261680128.0
2018-02-02,1035.77001953125,1035.77001953125,757.97998046875,915.7849731445312,6713290240.0
2018-02-03,919.2109985351562,991.9429931640624,847.6900024414062,964.0189819335938,3243480064.0
2018-02-04,964.6669921875,969.031982421875,805.0640258789062,834.6820068359375,2997090048.0
2018-02-05,834.9580078125,856.64599609375,644.5989990234375,697.9509887695312,4269530112.0
2018-02-06,707.7369995117188,796.4390258789062,574.4190063476562,793.1220092773438,6518269952.0
2018-02-07,790.427978515625,851.2000122070312,723.4329833984375,757.0679931640625,3896179968.0
2018-02-08,755.843017578125,845.0859985351562,755.843017578125,817.8070068359375,3708189952.0
2018-02-09,818.47998046875,884.0040283203125,788.833984375,883.864990234375,2495820032.0
2018-02-10,882.4669799804688,917.4000244140624,825.5770263671875,860.4149780273438,2930530048.0
2018-02-11,859.2880249023438,859.2880249023438,788.2219848632812,814.6599731445312,2486650112.0
2018-02-12,817.5079956054688,875.93701171875,817.5079956054688,868.7069702148438,2243450112.0
2018-02-13,869.2930297851562,870.708984375,828.8369750976562,845.2579956054688,2081170048.0
2018-02-14,844.2789916992188,926.4290161132812,844.2789916992188,923.5609741210938,2818370048.0
2018-02-15,923.72802734375,951.947998046875,911.1110229492188,936.9760131835938,2900100096.0
2018-02-16,934.7860107421876,950.0050048828124,917.8480224609376,944.2100219726562,2369449984.0
2018-02-17,944.7479858398438,976.594970703125,940.7540283203124,974.114990234375,2525720064.0
2018-02-18,973.3489990234376,982.9329833984376,915.4450073242188,923.9210205078124,2567290112.0
2018-02-19,921.6680297851562,957.7769775390624,921.5540161132812,943.864990234375,2169019904.0
2018-02-20,943.5670166015624,965.2650146484376,892.9539794921875,895.3709716796875,2545260032.0
2018-02-21,894.135009765625,912.375,830.56298828125,849.9710083007812,2531729920.0
2018-02-22,849.2620239257812,875.926025390625,802.6680297851562,812.844970703125,2150370048.0
2018-02-23,811.5850219726562,886.3179931640625,794.791015625,864.1890258789062,2334820096.0
2018-02-24,861.593017578125,879.531005859375,818.5499877929688,840.5150146484375,1926579968.0
2018-02-25,839.458984375,853.14599609375,822.3809814453125,844.8099975585938,1646960000.0
2018-02-26,845.2780151367188,880.3920288085938,842.3189697265625,869.3150024414062,2044480000.0
2018-02-27,870.364990234375,896.2589721679688,867.0969848632812,878.2650146484375,2053980032.0
2018-02-28,877.9340209960938,890.1079711914062,855.1240234375,855.198974609375,1963980032.0
2018-03-01,856.0120239257812,880.302001953125,851.9199829101562,872.2000122070312,1868519936.0
2018-03-02,871.7639770507812,876.3779907226562,852.4219970703125,856.85302734375,1894419968.0
2018-03-03,856.7109985351562,868.4539794921875,855.2069702148438,857.2249755859375,1699369984.0
2018-03-04,856.1859741210938,867.9500122070312,840.280029296875,866.677978515625,1697939968.0
2018-03-05,866.8460083007812,869.9199829101562,853.52001953125,853.6840209960938,1898489984.0
2018-03-06,853.8170166015625,853.8170166015625,809.9310302734375,816.9509887695312,1943069952.0
2018-03-07,816.27099609375,825.6069946289062,726.5469970703125,752.8309936523438,2175419904.0
2018-03-08,752.5700073242188,773.7670288085938,696.1690063476562,704.5960083007812,1891640064.0
2018-03-09,702.197021484375,729.156005859375,648.1069946289062,728.916015625,2233019904.0
2018-03-10,730.1599731445312,748.031005859375,682.6950073242188,686.8900146484375,1532960000.0
2018-03-11,685.31201171875,735.8309936523438,668.1229858398438,723.3389892578125,1562680064.0
2018-03-12,724.406005859375,742.5139770507812,683.2680053710938,699.8309936523438,1764999936.0
2018-03-13,698.1530151367188,713.7349853515625,682.3499755859375,690.8270263671875,1425959936.0
2018-03-14,691.218994140625,702.7839965820312,594.0999755859375,614.291015625,1810560000.0
2018-03-15,614.8389892578125,620.6160278320312,579.5050048828125,611.3040161132812,1770460032.0
2018-03-16,611.7780151367188,623.1680297851562,587.8619995117188,601.666015625,1417350016.0
2018-03-17,601.677978515625,609.1510009765625,549.0960083007812,552.7789916992188,1267810048.0
2018-03-18,551.6400146484375,551.6400146484375,460.0880126953125,538.6439819335938,2685499904.0
2018-03-19,546.6259765625,558.0999755859375,519.1229858398438,556.7260131835938,2046790016.0
2018-03-20,556.7219848632812,567.0900268554688,521.2039794921875,557.1749877929688,1833680000.0
2018-03-21,559.0999755859375,589.6069946289062,550.572021484375,561.7319946289062,1781270016.0
2018-03-22,562.10302734375,577.5659790039062,523.0889892578125,539.7020263671875,1523459968.0
2018-03-23,539.864013671875,540.4869995117188,512.1270141601562,539.6190185546875,1596349952.0
2018-03-24,542.572021484375,545.3820190429688,526.0800170898438,526.4390258789062,1300009984.0
2018-03-25,522.7030029296875,535.8209838867188,515.6589965820312,524.2869873046875,1151170048.0
2018-03-26,524.2869873046875,526.3790283203125,470.4400024414063,489.9509887695313,1638880000.0
2018-03-27,489.5899963378906,491.4590148925781,449.9710083007813,450.1159973144531,1617939968.0
2018-03-28,450.2909851074219,466.21099853515625,444.8609924316406,446.2789916992188,1514179968.0
2018-03-29,448.0750122070313,450.81298828125,385.81298828125,385.9679870605469,1970230016.0
2018-03-30,385.9049987792969,409.9289855957031,368.6329956054688,394.6449890136719,1878130048.0
2018-03-31,395.0039978027344,418.4679870605469,392.9530029296875,396.4570007324219,1323920000.0
2018-04-01,397.2539978027344,400.5280151367188,363.8049926757813,379.6069946289063,1256930048.0
2018-04-02,379.6990051269531,395.1709899902344,377.5929870605469,386.4249877929688,1102259968.0
2018-04-03,387.31201171875,418.9679870605469,383.5320129394531,416.89300537109375,1363399936.0
2018-04-04,416.4849853515625,417.4719848632813,375.30999755859375,380.5429992675781,1287730048.0
2018-04-05,379.9469909667969,387.7160034179688,369.8160095214844,383.2319946289063,1210680064.0
2018-04-06,382.7309875488281,385.1950073242188,366.9110107421875,370.2850036621094,967105984.0
2018-04-07,370.3800048828125,393.0589904785156,369.9360046386719,385.3139953613281,951475008.0
2018-04-08,385.7430114746094,402.5899963378906,385.60198974609375,400.5079956054688,948488000.0
2018-04-09,400.8569946289063,429.2510070800781,390.6099853515625,398.5260009765625,1478390016.0
2018-04-10,399.4110107421875,415.8880004882813,393.8789978027344,414.2430114746094,1196000000.0
2018-04-11,415.0239868164063,430.5400085449219,412.4710083007813,430.5400085449219,1439040000.0
2018-04-12,430.1610107421875,493.0580139160156,417.4129943847656,492.9410095214844,2519360000.0
2018-04-13,493.1600036621094,526.469970703125,482.6589965820313,492.7349853515625,2419249920.0
2018-04-14,492.5799865722656,512.0239868164062,488.2789916992188,501.4779968261719,1519079936.0
2018-04-15,502.8800048828125,531.7020263671875,502.8800048828125,531.7020263671875,1726089984.0
2018-04-16,532.073974609375,534.197021484375,500.25,511.1470031738281,1758979968.0
2018-04-17,511.1449890136719,518.031005859375,502.5639953613281,502.8940124511719,1760359936.0
2018-04-18,503.3089904785156,525.0919799804688,503.0450134277344,524.7890014648438,1762940032.0
2018-04-19,524.0380249023438,567.8889770507812,523.2620239257812,567.8889770507812,2256869888.0
2018-04-20,567.989013671875,618.7150268554688,560.2830200195312,615.718017578125,2849469952.0
2018-04-21,616.0040283203125,621.8880004882812,578.5499877929688,605.39501953125,2612460032.0
2018-04-22,606.1190185546875,640.7670288085938,593.8690185546875,621.8599853515625,2426269952.0
2018-04-23,621.198974609375,646.7000122070312,621.0349731445312,642.5479736328125,2386830080.0
2018-04-24,643.3980102539062,708.875,643.3980102539062,708.1580200195312,3581860096.0
2018-04-25,707.06201171875,707.06201171875,600.2119750976562,615.416015625,4216140032.0
2018-04-26,618.0789794921875,663.1810302734375,604.0070190429688,662.8090209960938,2984009984.0
2018-04-27,662.1090087890625,684.8679809570312,647.031982421875,647.031982421875,2598129920.0
2018-04-28,644.64599609375,691.4420166015625,644.64599609375,683.677978515625,2496659968.0
2018-04-29,683.9119873046875,697.7559814453125,670.5130004882812,688.8809814453125,2740559872.0
2018-04-30,689.760986328125,694.4390258789062,666.1170043945312,669.9240112304688,2853100032.0
2018-05-01,670.4630126953125,674.4030151367188,637.5399780273438,673.6129760742188,2678960128.0
2018-05-02,674.0750122070312,688.8419799804688,667.4199829101562,687.1489868164062,2822269952.0
2018-05-03,686.5910034179688,784.3410034179688,686.5910034179688,779.5430297851562,4210939904.0
2018-05-04,776.7750244140625,803.7459716796875,762.6320190429688,785.6240234375,3533410048.0
2018-05-05,784.5830078125,827.4550170898438,784.2369995117188,816.1199951171875,3035040000.0
2018-05-06,816.0880126953125,835.0570068359375,764.8829956054688,792.3109741210938,3105570048.0
2018-05-07,793.3389892578125,795.7579956054688,710.177978515625,753.7249755859375,4316120064.0
2018-05-08,755.0089721679688,774.2490234375,728.1290283203125,752.8569946289062,2920489984.0
2018-05-09,752.9019775390625,759.5289916992188,718.4719848632812,752.2750244140625,2877870080.0
2018-05-10,752.5789794921875,766.7479858398438,726.6640014648438,727.2769775390625,2748950016.0
2018-05-11,727.0130004882812,736.9769897460938,669.8250122070312,679.5859985351562,3290080000.0
2018-05-12,679.8770141601562,691.4110107421875,644.0659790039062,686.0479736328125,2668480000.0
2018-05-13,687.1749877929688,741.31201171875,675.3189697265625,733.4959716796875,2362500096.0
2018-05-14,732.7329711914062,742.1699829101562,695.7919921875,730.5490112304688,3005110016.0
2018-05-15,731.1430053710938,739.052001953125,700.9949951171875,708.8709716796875,2523069952.0
2018-05-16,708.0869750976562,710.2000122070312,682.541015625,707.0499877929688,2476130048.0
2018-05-17,708.718017578125,718.8330078125,668.833984375,672.656982421875,2350619904.0
2018-05-18,672.1019897460938,695.031005859375,663.8090209960938,694.3670043945312,2305740032.0
2018-05-19,695.072021484375,715.5780029296875,686.791015625,696.530029296875,2021549952.0
2018-05-20,697.9229736328125,723.7529907226562,692.6690063476562,715.3690185546875,2156910080.0
2018-05-21,717.1929931640625,719.2780151367188,692.4940185546875,699.2219848632812,2005170048.0
2018-05-22,700.177978515625,700.9760131835938,644.0260009765625,647.7410278320312,2230469888.0
2018-05-23,646.6699829101562,651.635986328125,572.9520263671875,583.5850219726562,2995429888.0
2018-05-24,584.5360107421875,610.8179931640625,557.2059936523438,601.7550048828125,2791099904.0
2018-05-25,602.1400146484375,617.1859741210938,575.6240234375,586.7340087890625,2110919936.0
2018-05-26,587.426025390625,606.1749877929688,583.5120239257812,587.280029296875,1694300032.0
2018-05-27,588.52001953125,590.3280029296875,562.8660278320312,572.6680297851562,1788790016.0
2018-05-28,573.0449829101562,576.0490112304688,512.552001953125,516.0360107421875,2356900096.0
2018-05-29,516.1480102539062,572.2639770507812,516.1480102539062,565.3880004882812,2330820096.0
2018-05-30,566.8300170898438,583.135986328125,545.4310302734375,559.5900268554688,2053970048.0
2018-05-31,558.4970092773438,585.5380249023438,557.0659790039062,577.64501953125,1985040000.0
2018-06-01,578.6719970703125,589.093017578125,567.6649780273438,580.0430297851562,1945890048.0
2018-06-02,580.4290161132812,597.0770263671875,577.322021484375,591.8079833984375,1880390016.0
2018-06-03,591.2589721679688,624.5130004882812,591.2589721679688,618.3289794921875,1832550016.0
2018-06-04,619.43701171875,623.4290161132812,583.7470092773438,592.9849853515625,1903430016.0
2018-06-05,593.406005859375,611.3300170898438,580.9819946289062,609.302978515625,1844269952.0
2018-06-06,610.2620239257812,611.6430053710938,596.39599609375,607.1240234375,1756530048.0
2018-06-07,607.68701171875,616.1439819335938,601.6929931640625,605.18701171875,1880140032.0
2018-06-08,605.4429931640625,608.8109741210938,595.593017578125,601.0770263671875,1637779968.0
2018-06-09,600.905029296875,608.5830078125,597.56201171875,597.56201171875,1519309952.0
2018-06-10,594.344970703125,594.344970703125,511.8890075683594,526.47900390625,2234880000.0
2018-06-11,524.8569946289062,536.8579711914062,515.2689819335938,533.2839965820312,1982119936.0
2018-06-12,532.7100219726562,538.9550170898438,491.2349853515625,496.8429870605469,1932760064.0
2018-06-13,498.01800537109375,501.9049987792969,459.0039978027344,477.4939880371094,2080130048.0
2018-06-14,478.3810119628906,523.5449829101562,467.4660034179688,519.7420043945312,2458650112.0
2018-06-15,520.47998046875,521.3049926757812,487.468994140625,491.0039978027344,1808269952.0
2018-06-16,490.41400146484375,503.2229919433594,488.85101318359375,499.6419982910156,1314109952.0
2018-06-17,499.4599914550781,507.6409912109375,498.6480102539063,500.447998046875,1264870016.0
2018-06-18,499.3829956054688,521.7960205078125,494.0660095214844,518.8909912109375,1513869952.0
2018-06-19,519.0230102539062,542.35302734375,516.31201171875,537.9569702148438,1726569984.0
2018-06-20,538.5059814453125,541.0150146484375,519.3690185546875,536.2680053710938,1596290048.0
2018-06-21,536.447021484375,543.7169799804688,524.2589721679688,527.3670043945312,1462070016.0
2018-06-22,527.1939697265625,527.1939697265625,456.87701416015625,465.8169860839844,2226030080.0
2018-06-23,466.2739868164063,479.1289978027344,462.39300537109375,474.5199890136719,1651379968.0
2018-06-24,474.76800537109375,475.3590087890625,426.468994140625,457.6719970703125,2490579968.0
2018-06-25,455.9360046386719,470.343994140625,448.89599609375,460.30999755859375,4007950080.0
2018-06-26,460.7330017089844,461.2130126953125,432.7720031738281,432.7720031738281,1356560000.0
2018-06-27,432.2439880371094,444.2430114746094,424.8389892578125,442.364990234375,1368940032.0
2018-06-28,442.2900085449219,443.6180114746094,419.6830139160156,422.364990234375,1360790016.0
2018-06-29,422.5870056152344,441.7929992675781,407.9469909667969,436.0090026855469,1564499968.0
2018-06-30,436.2090148925781,458.7969970703125,436.2090148925781,455.1799926757813,1475939968.0
2018-07-01,455.2420043945313,457.1390075683594,446.385009765625,453.9179992675781,1511730048.0
2018-07-02,453.8240051269531,479.1300048828125,447.1109924316406,475.3469848632813,1625789952.0
2018-07-03,475.385986328125,483.85400390625,462.5820007324219,464.1950073242188,1683939968.0
2018-07-04,464.1510009765625,481.4360046386719,455.18499755859375,467.3179931640625,1549769984.0
2018-07-05,467.2869873046875,483.2250061035156,464.6289978027344,474.4119873046875,1828610048.0
2018-07-06,474.3569946289063,479.6520080566406,457.614990234375,474.0119934082031,1627609984.0
2018-07-07,474.0570068359375,491.6600036621094,466.83599853515625,491.6600036621094,1358360064.0
2018-07-08,492.0679931640625,503.1990051269531,488.4169921875,489.1189880371094,1344560000.0
2018-07-09,488.87799072265625,490.85198974609375,475.1749877929688,476.6820068359375,1533799936.0
2018-07-10,476.1619873046875,478.3179931640625,433.9599914550781,434.4240112304688,1789069952.0
2018-07-11,434.5150146484375,447.3160095214844,429.5069885253906,446.51800537109375,1422470016.0
2018-07-12,446.50201416015625,446.50201416015625,422.80999755859375,430.0740051269531,1495440000.0
2018-07-13,430.7409973144531,442.3630065917969,430.7409973144531,434.0270080566406,1489670016.0
2018-07-14,434.510986328125,439.4339904785156,431.4739990234375,436.08599853515625,1235820032.0
2018-07-15,435.8829956054688,454.0010070800781,433.9209899902344,449.8500061035156,1350160000.0
2018-07-16,450.4249877929688,480.6579895019531,446.7980041503906,480.6579895019531,1858680064.0
2018-07-17,480.0769958496094,508.7799987792969,468.9150085449219,501.00201416015625,2288100096.0
2018-07-18,500.8380126953125,513.4329833984375,474.3590087890625,480.5130004882813,2371559936.0
2018-07-19,480.62799072265625,483.239990234375,465.1419982910156,469.6189880371094,2068739968.0
2018-07-20,469.3070068359375,469.3070068359375,443.6929931640625,450.697998046875,1821350016.0
2018-07-21,450.6789855957031,468.0830078125,445.7760009765625,462.4360046386719,1504310016.0
2018-07-22,462.43798828125,470.8980102539063,458.1189880371094,459.6570129394531,1338589952.0
2018-07-23,459.4389953613281,469.7659912109375,449.7279968261719,450.8529968261719,1596999936.0
2018-07-24,451.135986328125,481.1419982910156,450.5650024414063,479.37298583984375,2287520000.0
2018-07-25,479.906005859375,482.8680114746094,466.4739990234375,472.4930114746094,1930780032.0
2018-07-26,472.33099365234375,483.6960144042969,461.4240112304688,464.0369873046875,1621560064.0
2018-07-27,464.0090026855469,473.2219848632813,458.2909851074219,469.6659851074219,1734259968.0
2018-07-28,469.6780090332031,471.593994140625,462.989013671875,466.8980102539063,1531890048.0
2018-07-29,466.9150085449219,470.3559875488281,462.7120056152344,466.6650085449219,1631910016.0
2018-07-30,466.827,467.952,448.641,457.081,2141590000.0
2018-07-31,457.245,457.245,430.444,433.867,1820680000.0
2018-08-01,433.869,435.457,410.464,420.747,1888060000.0
2018-08-02,420.806,425.034,410.309,412.621,1569300000.0
2018-08-03,412.567,420.549,399.91,418.262,1722340000.0
2018-08-04,418.237,420.186,403.776,407.252,1466540000.0
2018-08-05,407.346,413.716,402.432,410.516,1396820000.0
2018-08-06,410.567,414.54,403.315,406.658,1384880000.0
2018-08-07,406.801,411.405,376.077,380.215,1828350000.0
2018-08-08,379.892,380.671,353.734,356.613,2016080000.0
2018-08-09,356.971,370.946,353.614,365.588,1616610000.0
2018-08-10,365.776,367.045,329.586,334.176,1699400000.0
2018-08-11,334.264,334.264,308.488,322.112,1790370000.0
2018-08-12,320.823,328.59,318.602,319.57,1625420000.0
2018-08-13,320.21,323.551,284.934,286.495,1751190000.0
2018-08-14,286.365,286.365,254.65,278.932,2137850000.0
2018-08-15,280.387,303.59,280.119,282.364,1878150000.0
2018-08-16,282.741,298.476,280.928,288.046,1552970000.0
2018-08-17,287.683,316.17,287.346,315.729,1995460000.0
2018-08-18,316.791,320.446,286.551,295.812,1764020000.0
2018-08-19,295.67,307.098,291.332,300.834,1447910000.0
2018-08-20,301.381,304.372,273.511,274.315,1413790000.0
2018-08-21,273.331,285.97,273.331,281.944,1164120000.0
2018-08-22,281.968,297.486,264.998,271.341,1507660000.0
2018-08-23,271.748,279.546,271.09,277.104,1271160000.0
2018-08-24,278.111,283.302,273.86,282.967,1450170000.0
2018-08-25,283.281,283.515,278.471,279.646,1208360000.0
2018-08-26,279.525,279.525,272.444,275.197,1206650000.0
2018-08-27,275.35,285.603,273.65,285.603,1406790000.0
2018-08-28,286.649,297.4,283.572,296.499,1513350000.0
2018-08-29,296.163,297.071,287.287,289.312,1474460000.0
2018-08-30,289.753,291.243,275.211,284.105,1513100000.0
2018-08-31,284.12,284.551,278.513,283.004,1411910000.0
2018-09-01,283.496,301.144,283.496,295.341,1546630000.0
2018-09-02,295.453,298.686,290.926,294.371,1321050000.0
2018-09-03,295.181,295.591,287.432,289.259,1394490000.0
2018-09-04,289.297,291.58,284.255,285.723,1554870000.0
2018-09-05,286.045,288.163,232.331,232.331,2390390000.0
2018-09-06,231.648,231.755,218.123,230.215,2097310000.0
2018-09-07,229.535,233.896,217.075,217.203,1678260000.0
2018-09-08,217.912,220.367,193.259,197.951,1517200000.0
2018-09-09,198.385,207.666,188.306,196.924,1585980000.0
2018-09-10,197.851,201.883,189.584,197.079,1502960000.0
2018-09-11,198.177,198.506,180.596,185.066,1568900000.0
2018-09-12,185.423,185.587,170.257,183.331,1874850000.0
2018-09-13,183.679,214.002,183.679,211.354,2330720000.0
2018-09-14,212.669,222.794,204.871,211.749,2232190000.0
2018-09-15,209.814,226.604,209.606,223.074,1670490000.0
2018-09-16,222.803,222.803,211.118,220.589,1502260000.0
2018-09-17,221.582,224.261,195.308,197.875,2019910000.0
2018-09-18,197.095,213.357,195.934,209.975,1800640000.0
2018-09-19,209.472,213.871,201.656,209.969,1733330000.0
2018-09-20,210.288,224.818,207.789,224.591,1782070000.0
2018-09-21,225.251,248.388,221.567,246.584,2836200000.0
2018-09-22,247.337,251.196,233.81,240.48,1921820000.0
2018-09-23,240.992,247.464,237.857,244.33,1693470000.0
2018-09-24,244.844,245.108,227.49,228.73,1748740000.0
2018-09-25,228.327,228.327,206.49,218.505,2120360000.0
2018-09-26,218.647,221.437,209.113,215.847,1756100000.0
2018-09-27,215.44,230.607,212.654,228.494,2030320000.0
2018-09-28,229.041,231.748,218.669,222.402,2018120000.0
2018-09-29,221.705,234.014,216.078,231.635,2208720000.0
2018-09-30,231.329,236.986,228.445,232.848,1765560000.0
2018-10-01,233.22,234.145,226.945,230.768,1597500000.0
2018-10-02,231.1,231.167,225.838,227.181,1542080000.0
2018-10-03,226.407,226.458,213.971,220.489,1683930000.0
2018-10-04,220.446,226.148,220.09,222.218,1479500000.0
2018-10-05,222.267,228.319,220.957,227.601,1547330000.0
2018-10-06,227.552,227.926,224.246,225.12,1505070000.0
2018-10-07,225.435,226.37,222.996,226.119,1470480000.0
2018-10-08,226.509,230.765,224.557,229.255,1470740000.0
2018-10-09,229.71,230.161,226.401,227.982,1405130000.0
2018-10-10,227.615,227.707,224.495,225.769,1384040000.0
2018-10-11,225.61,225.61,189.283,189.499,2167620000.0
2018-10-12,188.707,199.401,188.707,196.727,1487900000.0
2018-10-13,196.364,201.279,196.364,199.841,1167610000.0
2018-10-14,199.691,201.827,195.243,195.715,1169260000.0
2018-10-15,195.27,222.118,194.159,209.704,2865830000.0
2018-10-16,209.628,212.173,207.984,210.12,1532280000.0
2018-10-17,210.217,211.125,205.928,207.083,1444130000.0
2018-10-18,207.404,208.47,201.743,203.352,1365860000.0
2018-10-19,203.257,204.663,201.844,203.727,1264480000.0
2018-10-20,203.515,206.222,203.085,205.43,1238780000.0
2018-10-21,205.39,208.155,204.621,205.142,1190300000.0
2018-10-22,205.174,206.932,203.377,204.044,1328980000.0
2018-10-23,204.016,205.151,201.911,204.336,1237490000.0
2018-10-24,204.127,205.581,203.354,203.852,1102220000.0
2018-10-25,203.868,204.132,201.823,202.719,1102900000.0
2018-10-26,202.336,204.78,201.551,203.329,1161310000.0
2018-10-27,203.356,206.082,203.126,204.21,1084810000.0
2018-10-28,204.51,205.919,203.523,205.366,1139140000.0
2018-10-29,205.174,205.597,195.734,197.247,1517230000.0
2018-10-30,197.203,198.122,196.351,197.556,1363500000.0
2018-10-31,197.649,198.338,196.531,197.381,1442380000.0
2018-11-01,197.537,203.754,197.328,198.872,1336700000.0
2018-11-02,198.982,201.269,198.755,200.635,1451870000.0
2018-11-03,200.74,200.74,199.525,200.186,1307150000.0
2018-11-04,200.158,211.272,198.986,207.486,1749300000.0
2018-11-05,207.1,210.819,206.573,209.091,1613510000.0
2018-11-06,209.474,218.452,207.894,218.452,1856940000.0
2018-11-07,218.899,221.652,216.796,217.183,1927830000.0
2018-11-08,217.327,218.338,212.199,212.231,1769080000.0
2018-11-09,211.987,213.316,209.515,210.074,1554750000.0
2018-11-10,209.975,213.857,209.805,212.533,1377760000.0
2018-11-11,212.479,212.999,208.868,211.34,1501600000.0
2018-11-12,211.513,212.623,208.924,210.418,1452380000.0
2018-11-13,210.149,210.515,206.135,206.826,1610260000.0
2018-11-14,206.534,207.045,174.084,181.397,2595330000.0
2018-11-15,181.899,184.251,170.189,180.806,2638410000.0
2018-11-16,180.865,181.35,173.126,175.177,2015330000.0
2018-11-17,175.36,175.851,172.869,174.001,1832800000.0
2018-11-18,174.175,179.152,174.175,177.067,1810920000.0
2018-11-19,177.179,177.179,147.851,149.175,2745160000.0
2018-11-20,148.811,151.253,126.36,130.339,3134410000.0
2018-11-21,131.142,138.89,125.758,136.701,2685930000.0
2018-11-22,136.811,137.74,126.706,126.706,1792150000.0
2018-11-23,126.419,127.028,119.559,123.296,1998010000.0
2018-11-24,123.304,126.788,110.825,113.494,1800960000.0
2018-11-25,113.126,118.881,101.77,116.45,2466750000.0
2018-11-26,116.343,118.201,104.893,108.335,2139490000.0
2018-11-27,107.913,111.842,102.452,110.01,2320010000.0
2018-11-28,110.198,126.048,110.198,122.438,2673470000.0
2018-11-29,122.72154998779295,123.229721069336,115.297687692,117.542645204,2196099150.57585
2018-11-30,117.728096299,119.423767389,111.744962142,113.171421096,2020748395.5181
2018-12-01,113.397761799,120.841453719,111.619121681,118.635558644,2131475767.64822
2018-12-02,118.268150864,120.562046513,116.092041098,116.388899329,1856199148.78062
2018-12-03,116.378758099,116.61906831,107.415653907,108.925017829,1772756192.74581
2018-12-04,108.803159312,113.142914372,107.402721386,110.214189589,1748116495.08878
2018-12-05,110.335517946,110.598606704,102.475555559,102.475555559,1990157607.46469
2018-12-06,102.450592687,104.103496045,91.7610561566,91.7610561566,2310716932.45076
2018-12-07,91.649834213,96.0898423468,83.4697207864,93.2945640148,2554304529.78612
2018-12-08,93.4100783452,97.0598805676,86.8256658173,92.1596396877,1855759401.15184
2018-12-09,92.0354326922,98.9000301323,91.0312776727,95.1420594843,1875567179.89091
2018-12-10,94.9921705261,96.2573021247,90.6542533812,91.6856567551,1756437577.0089
2018-12-11,91.5789373141,92.7823254702,87.6884077957,88.9453032129,1707497898.26937
2018-12-12,88.610703388,92.2405522778,88.2635593472,90.5933019065,1533050103.47332
2018-12-13,90.6552290496,91.1116024432,85.5183103992,86.5393148885,1754475621.80332
2018-12-14,86.6303531913,87.1449396082,83.2264745506,84.30829593,1651491876.90996
2018-12-15,84.279694394,85.3427425756,82.8298902883,84.4408095289,1496176898.29685
2018-12-16,84.4694065515,87.5681237843,84.4694065515,85.2620969271,1565817037.09592
2018-12-17,85.3821119977,96.8050539407,85.3821119977,95.1338271163,2101453023.79567
2018-12-18,95.1080428852,101.320236081,92.9685186087,101.112455798,2277514075.70392
2018-12-19,101.683846357,108.54905525,100.691462088,101.268575225,2456482114.72289
2018-12-20,101.090438108,117.170126749,100.63995804,116.21687011,3063842618.20114
2018-12-21,115.83540173,119.094162227,107.58479463,109.496233553,2632539990.30444
2018-12-22,109.45594093,116.759499161,107.503167084,116.759499161,2338772938.80421
2018-12-23,117.273897972,133.075301961,117.273897972,130.765259805,3579715060.79529
2018-12-24,130.641669901,157.668703493,130.641669901,140.23800256,4370343386.78961
2018-12-25,140.997589037,140.997589037,125.113291145,129.84435176,3298280609.26749
2018-12-26,129.888822727,136.677248539,126.29290758,131.865627374,2720469126.47326
2018-12-27,131.92358466,132.677059292,115.650099757,116.575910514,2612804378.35728
2018-12-28,116.898198052,137.647013306,115.693132487,137.647013306,3130201009.40638
2018-12-29,138.46878261,147.034330002,134.570180924,138.018334779,3169029972.20291
2018-12-30,137.627462564,140.689090162,133.982333322,139.859452892,2660086834.11342
2018-12-31,140.031074433,140.181156945,132.519392448,133.368263445,2358360233.96512
2019-01-01,133.418144908,141.397504378,132.650705543,140.819413158,2258709868.3227
2019-01-02,141.519516951,156.929130846,140.650960077,155.047677215,3328240369.42324
2019-01-03,155.196037793,155.863057698,147.198367015,149.135003379,2676164880.23743
2019-01-04,148.912894276,156.878975599,147.907099008,154.58194227,3126192535.10327
2019-01-05,154.337419842,160.824889089,154.337419842,155.638589483,3338211928.03853
2019-01-06,155.804227981,159.371446832,152.085923804,157.746199308,3231294371.15792
2019-01-07,157.80948734,158.450431168,151.150719776,151.699213451,2712108387.90836
2019-01-08,151.967542981,153.625779826,148.669535562,150.359633438,2459808140.32382
2019-01-09,150.5546946,153.622254454,150.288382338,150.80311047,2369241196.88913
2019-01-10,150.843510345,152.148274936,126.52937645,128.625185944,3397734455.64172
2019-01-11,127.813962146,130.165937404,125.244939678,127.548324868,2667585233.50578
2019-01-12,127.528082611,128.666126333,125.446757343,125.9665328,2212109224.40877
2019-01-13,125.90722966,126.26787861,116.085966478,116.89780148,2268263943.76033
2019-01-14,116.97909648,130.856742484,116.967561828,129.068732601,2798085735.17581
2019-01-15,129.172690653,130.743563539,120.311522717,122.032712316,2735449164.32744
2019-01-16,121.809242251,127.11825062,121.441416987,123.547061541,2746469339.75468
2019-01-17,123.573540063,124.270718584,120.817029063,123.741921671,2594091284.94974
2019-01-18,123.654651715,123.841693294,120.241901443,121.010265197,2305389799.8777
2019-01-19,121.614427217,125.904226831,121.161034294,124.519021209,3048261797.09061
2019-01-20,124.632400648,125.070389929,118.702325271,119.474828958,2964108269.10782
2019-01-21,119.636456665,119.715437964,116.157437029,117.157852232,2421720342.52025
2019-01-22,117.11075621,119.66434234,114.676679352,118.747550914,2552507404.72615
2019-01-23,118.713816943,119.422797607,116.376647106,117.452609248,2556952198.38136
2019-01-24,117.462784971,118.032106999,116.006798483,117.362886414,2520843419.62029
2019-01-25,117.594952273,117.802996076,115.830152569,116.37834358,2606881898.14419
2019-01-26,116.373526343,118.084116514,115.980574489,116.488738462,2412181168.83724
2019-01-27,116.510314866,116.685408284,113.405291898,113.405291898,2775888286.99882
2019-01-28,113.285232063,113.688228674,103.336465552,106.589976822,3366895504.6689
2019-01-29,106.721953365,107.165787867,103.999231261,105.598213782,2900418605.97177
2019-01-30,105.407204612,109.452982289,104.84379221,108.90753982,2874370354.58599
2019-01-31,108.900771037,110.458358316,106.525353422,107.061013064,2828796030.76159
2019-02-01,107.147683721,108.638706936,105.046500037,107.609786895,2541271518.87325
2019-02-02,107.466413449,110.653877671,106.764019085,110.430261898,2385157837.71174
2019-02-03,110.490318017,110.827352598,106.563985401,107.492671458,2519334756.87891
2019-02-04,107.625821506,108.701035341,107.0674205,107.821603427,2491888674.79883
2019-02-05,107.628166134,108.134787627,106.909894888,107.443520166,2515863998.87315
2019-02-06,107.56930183,107.56930183,102.934560657,104.919289868,2593048199.1017
2019-02-07,104.835777289,106.058875046,104.4091339,104.535298574,2326764622.24354
2019-02-08,104.64504714,119.805812612,104.194436464,119.267748863,3656841346.51827
2019-02-09,119.214112324,120.689734028,118.000400776,119.430883307,2884650400.40963
2019-02-10,119.408964279,124.853626025,117.105776149,124.806484949,3148766590.14275
2019-02-11,124.871533617,124.871533617,120.31174986,121.298395992,3222473887.40902
2019-02-12,121.178576446,123.468300517,119.600025482,122.572291057,3149576428.84467
2019-02-13,122.544287348,125.550697776,121.612499271,122.553602552,3386585799.14299
2019-02-14,122.416986985,124.451988643,121.334889287,121.390203726,3331701627.67488
2019-02-15,121.45369483,123.660125722,121.371914683,122.100387372,3021741614.85686
2019-02-16,122.396455412,124.134810936,122.295306012,123.260213055,2905833287.20649
2019-02-17,123.182083354,134.460098625,123.09160992,133.59888295,4236081129.53632
2019-02-18,133.03254869,147.68658778,133.00194042,146.09837101,5387525773.05924
2019-02-19,146.398819478,149.929977739,145.12846693,145.346183571,5310842625.38968
2019-02-20,145.172723184,149.554343958,142.502126618,149.554343958,4500094964.91509
2019-02-21,149.352326643,149.352326643,144.563818019,146.130844289,3995766856.26049
2019-02-22,146.07325688,149.268616878,145.206540951,149.092454265,3731099283.6047
2019-02-23,148.676621979,159.125870299,147.331060175,158.79542978,4519468458.34914
2019-02-24,158.902409425,165.549627498,135.852653564,135.852653564,5957715043.40938
2019-02-25,135.499726931,142.525569179,135.483837037,139.822855499,4914392068.27844
2019-02-26,139.646094554,139.976439288,136.579610916,138.08968196,3791292838.93027
2019-02-27,138.029574485,141.336229867,131.602922222,136.125954509,4469776860.4795
2019-02-28,136.283079925,138.84713316,135.65759412,136.746252009,4535438953.16901
2019-03-01,136.836239742,138.995272525,136.434789591,136.443622783,3756124823.74867
2019-03-02,136.350082226,137.184803968,132.436381643,134.206955299,3747176425.1681
2019-03-03,134.78612266,135.849285216,131.328863606,132.249417118,3454374052.60127
2019-03-04,132.157875583,132.729134677,125.402704805,127.774121264,4008171341.12555
2019-03-05,127.792953672,138.229973173,126.7352958,137.822384799,4764849990.07391
2019-03-06,137.958743981,139.968818612,136.145922155,138.789354083,4589054218.51604
2019-03-07,138.942376525,140.857880882,137.273137566,138.03450239,4339206292.24042
2019-03-08,138.311360652,139.499095586,133.557697889,135.127074998,4678816793.98117
2019-03-09,134.887551913,139.119409871,134.677118919,137.965335551,5011918715.08005
2019-03-10,138.180498896,138.270304947,135.685688913,136.758683137,4578438499.34842
2019-03-11,136.849534965,137.353414724,133.102802887,133.83403156,4689807418.78957
2019-03-12,134.012840654,135.273465954,130.94414973,134.442888733,4709987999.70223
2019-03-13,134.611777916,134.611777916,132.719721544,133.263076226,4265162099.26643
2019-03-14,133.203901165,135.180852754,132.750069281,133.711599756,4476532147.20753
2019-03-15,133.567152422,138.395137565,133.567152422,137.691783786,4506861856.05093
2019-03-16,137.911959856,144.558441933,137.911959856,142.398175801,4839003568.64601
2019-03-17,142.238291588,142.371912999,139.323511499,140.000549501,3827157729.13993
2019-03-18,140.104859119,142.267216974,138.841560382,139.374600609,4551739878.97621
2019-03-19,139.254013689,140.989055016,139.143017913,140.519199188,4251488128.7907
2019-03-20,140.484710404,140.945571902,138.307030059,140.68636173,4664134462.09447
2019-03-21,140.47848688,141.003232324,135.855428692,136.636060704,5087247796.46123
2019-03-22,136.562262353,138.794298275,136.228609854,137.181435033,4490899265.96087
2019-03-23,137.039873499,139.385391762,136.912024425,138.239874551,4436568613.44862
2019-03-24,138.315351714,138.375607693,136.313755574,136.986925231,4266845458.4157
2019-03-25,137.081359047,137.695343235,133.490157539,135.031027518,4480516752.84725
2019-03-26,135.0543259,135.460352857,133.757344445,135.460352857,4499271678.91667
2019-03-27,135.454367401,141.075474613,135.341664155,140.988157542,5228240092.736
2019-03-28,141.005847151,141.007939725,138.425164637,139.416477555,4163212475.10984
2019-03-29,139.343207052,142.549232658,138.045107801,142.497417117,5125602702.26858
2019-03-30,142.359143736,149.613229156,141.031743756,142.092680619,5144662126.50528
2019-03-31,142.139220518,142.189206366,140.697377858,141.514094106,4249050197.36787
2019-04-01,141.46548345,142.733996377,140.737559069,141.830324349,4611999536.45497
2019-04-02,141.839521388,165.226827203,141.636455251,163.961741819,9826645698.14636
2019-04-03,164.008634378,178.322057328,157.322144075,161.458801333,10622456246.115
2019-04-04,161.431760954,164.929213232,155.241110651,158.052537823,7953123528.50467
2019-04-05,158.020007672,167.220383976,157.443949117,165.514845948,7531316908.10833
2019-04-06,165.511239539,172.515769517,161.799464791,165.947208019,7167016220.87578
2019-04-07,165.977241502,175.2131711,164.932095966,174.531647379,7596176019.72531
2019-04-08,174.449669098,184.377848837,174.160989445,180.258815391,9304964609.75499
2019-04-09,180.222129093,180.254232064,175.091756329,176.114574527,7632529577.80956
2019-04-10,176.067842046,183.13427354,175.230372034,177.337476528,7856924878.73956
2019-04-11,177.342765317,177.487485238,162.320611488,165.49701739,7859383417.27419
2019-04-12,165.335212304,166.127522092,161.029740134,164.736323365,6237185309.34415
2019-04-13,164.622854706,166.362425577,163.011851264,164.513349875,4959301561.23454
2019-04-14,164.476088004,168.591039513,162.781475708,167.838520685,4846298303.13593
2019-04-15,167.897474089,168.818458462,159.555732914,161.574178302,5672311823.7606
2019-04-16,161.526550135,167.666325715,160.888753899,167.623441183,5180105341.40434
2019-04-17,167.553690185,168.93858092,165.501893072,166.950761576,5596102715.01637
2019-04-18,166.913203037,175.365330194,166.672111878,173.814032352,6971581464.43365
2019-04-19,173.787881523,173.978901964,170.620215358,173.708441176,6541053060.75561
2019-04-20,173.718815972,176.70581114,171.788836411,173.751265406,6142567811.78723
2019-04-21,173.715406321,174.420770724,167.428589552,170.046521769,6005571687.87759
2019-04-22,170.017484048,173.069116345,168.729556071,171.874669558,6094878077.09593
2019-04-23,172.007212763,176.850781553,170.896751855,171.447798826,7097827092.23962
2019-04-24,171.349531904,171.573211776,161.976688541,165.82609059,7351304156.20697
2019-04-25,165.914741225,166.513414699,153.846998343,154.459399951,6820332362.1082
2019-04-26,154.579432331,158.029006595,152.08567446,156.347087281,7505283355.029
2019-04-27,156.270861083,160.589417342,155.621890918,158.43493242,5863109117.65175
2019-04-28,158.499766659,159.565381071,157.125513534,157.29507397,5379894433.33334
2019-04-29,157.291053727,158.333917024,153.18652641,155.201995458,6053776253.18602
2019-04-30,155.172778544,162.432246964,155.172778544,162.166037089,6275803459.9999
2019-05-01,162.186560067,164.0606879,159.660224302,160.818344256,5789172432.89737
2019-05-02,160.853579355,162.937013085,160.060701299,162.122791335,6044171061.70418
2019-05-03,162.075168364,170.068739108,161.080632848,167.952408601,7299410672.18035
2019-05-04,167.887214645,170.645927759,161.79142846,164.026580539,6658100048.67182
2019-05-05,164.015254724,165.39997642,159.700651177,163.450697022,5938415561.85736
2019-05-06,163.337986197,175.760103547,159.988183523,172.653208017,7540096853.08862
2019-05-07,172.427274512,180.394408014,169.694712036,169.798657365,8411140169.71092
2019-05-08,169.904205401,172.18354282,166.409241131,170.948168196,6416569597.95759
2019-05-09,170.951876565,172.880405952,167.247873636,170.289301603,6546914197.54692
2019-05-10,170.312978814,175.885268508,168.99141785,173.142739021,8036919052.86425
2019-05-11,173.139317933,203.466638811,173.139317933,194.304341538,12578331654.2638
2019-05-12,194.163027854,201.881480273,183.653931584,187.325322672,10326050089.5711
2019-05-13,187.417924062,205.098262177,185.305909305,196.846276938,10367149038.8611
2019-05-14,196.738273906,217.874645396,196.054814088,217.148571659,12751049754.8683
2019-05-15,217.010116931,247.446589145,216.822117009,247.153065441,13460006533.8558
2019-05-16,246.941949724,275.394433117,245.795286216,264.010023118,18661465872.83
2019-05-17,263.848363999,266.979610579,227.767419879,243.764593413,16037551694.0389
2019-05-18,243.911300406,246.362770419,233.099846277,234.595229584,10933142646.381
2019-05-19,234.449464995,263.740987331,233.758674382,261.292219263,12049250893.8424
2019-05-20,261.267480176,261.551264718,241.80364457,251.864416688,10834541285.0128
2019-05-21,251.647840439,262.107533176,248.196304872,255.215875873,11545049593.4789
2019-05-22,254.995320786,258.801863395,242.73048829,244.698911619,9818257462.67714
2019-05-23,244.665121533,247.61663148,233.793092876,245.965672113,10671663487.3477
2019-05-24,245.98708954,255.259330606,243.240097916,249.484984964,9929433205.98237
2019-05-25,249.694050205,257.356841526,249.088797751,251.759872316,8924985384.71156
2019-05-26,251.72479506,269.16652345,247.245385118,267.069644637,9664267730.90014
2019-05-27,267.141883996,278.50725112,265.444697967,272.86264362,12074664735.6173
2019-05-28,272.590497231,274.320824254,267.514385506,271.76871076,10362846898.4375
2019-05-29,271.779066098,273.756274625,263.091411967,269.455701828,9819132174.36499
2019-05-30,269.551887205,287.201638845,247.348602483,255.858948474,13604268584.3639
2019-05-31,256.015274453,268.659941413,249.111850141,268.113560321,11255023514.7102
2019-06-01,268.433356229,273.557972869,263.524593207,265.391260671,9942869851.90014
2019-06-02,265.512718653,272.80722404,265.041884517,270.225527951,8744111713.26516
2019-06-03,270.088546982,270.334115053,251.26219115,252.607929766,9375712916.60853
2019-06-04,252.511642109,252.511642109,236.127213155,241.338786302,10132549746.6777
2019-06-05,241.497038946,248.138131717,239.983459122,247.051016639,8548917061.98239
2019-06-06,246.925245514,249.944500365,238.501120847,249.474338747,8265146806.31855
2019-06-07,249.335288129,254.352288864,246.597903606,250.930360395,8379534527.80568
2019-06-08,251.249319783,252.377389835,243.229106707,245.738091433,7225996863.19965
2019-06-09,245.540479163,245.972822038,229.257431009,233.086698165,7566421455.56199
2019-06-10,232.830145239,247.662163125,229.341765157,247.520125135,8141159847.9225
2019-06-11,247.862122482,248.66257562,239.82534228,245.781827855,7382269700.38575
2019-06-12,245.925493719,261.017581043,244.49131484,260.903303733,8645598617.64159
2019-06-13,260.913515345,262.163130487,255.596276815,256.168792302,8442077836.33145
2019-06-14,256.17965445,265.371384942,254.147424413,264.08745783,8676891266.97804
2019-06-15,263.934134006,271.505576065,262.121225021,269.019322335,8126853943.63367
2019-06-16,268.901146753,278.143195655,265.535326671,269.223201488,9676746452.61678
2019-06-17,269.090588251,275.442558933,268.353783051,274.35111507,6009795781.11982
2019-06-18,274.320263118,274.320263118,263.144441744,265.051857677,6205242503.8028
2019-06-19,265.056841146,270.333386835,264.754803849,269.43179794,5516510947.08273
2019-06-20,269.407865566,274.073530845,265.500447699,271.695017157,6408981097.05481
2019-06-21,271.743089627,295.30330227,271.743089627,294.910279603,9331694139.57568
2019-06-22,295.115068002,315.189720232,294.728230478,309.380305299,10613731254.5705
2019-06-23,309.416683343,318.565661975,305.764593817,307.827784126,8161062379.67317
2019-06-24,307.722135498,312.329349213,299.559549792,310.424669171,8205712062.09223
2019-06-25,310.678630878,318.126310017,307.6431542,318.126310017,9641764965.18966
2019-06-26,317.992595848,361.398673042,315.954853748,336.753188391,16437084081.0924
2019-06-27,336.959911227,343.433445495,278.573230139,294.267645009,14038092502.5524
2019-06-28,294.143042748,313.031556623,292.939821505,311.226103335,11514656819.5501
2019-06-29,311.284432218,322.043557024,294.75383646,320.058914343,10929374564.9779
2019-06-30,319.584052742,322.789571444,290.695998902,290.695998902,10303111000.4222
2019-07-01,290.268491537,301.026159242,280.022842134,293.641117329,10292223947.836
2019-07-02,293.537270366,295.655863867,272.602568914,291.596440849,10618413951.7972
2019-07-03,291.764617643,303.342044525,291.401644311,303.099965055,9926711979.20057
2019-07-04,303.025091693,303.961160973,282.765732172,284.523211373,8403513105.72814
2019-07-05,284.380927263,293.921154105,282.694706479,287.997523405,8723493015.22177
2019-07-06,287.893815381,295.991414758,286.66587155,287.547125887,7674615024.94623
2019-07-07,287.603611931,310.139320067,286.109200184,305.700559688,8119724980.54612
2019-07-08,305.734786072,314.267879877,303.500454453,313.251403897,9078905628.36462
2019-07-09,313.325173588,318.223115908,305.285813862,308.881016742,10055159802.7078
2019-07-10,308.851274005,313.069444817,285.565783197,290.002318276,11679985166.5208
2019-07-11,289.945986705,290.02106775,266.094672221,268.704039911,10216287021.6146
2019-07-12,268.692261908,278.855581941,268.000016001,276.276710845,8148936015.06112
2019-07-13,276.28911624,276.685236276,263.068267434,269.458810608,6716829429.12717
2019-07-14,269.281611995,269.641230028,227.269217143,227.578070731,8578339385.94777
2019-07-15,227.965057572,235.025652745,210.391273223,229.775995774,9723674243.9335
2019-07-16,229.748659122,234.513836069,197.377894986,199.188675302,9036620493.51105
2019-07-17,199.066791684,217.975626787,193.990421655,211.484962906,9387747639.67313
2019-07-18,211.444608109,229.239394359,208.037737641,226.566159112,9327816059.09031
2019-07-19,226.657696807,226.940481758,215.838243218,221.333421321,7606433130.72899
2019-07-20,221.412662567,234.198460686,221.18949056,229.119221714,7976245988.16754
2019-07-21,229.167698179,229.861662655,219.027759425,225.630768716,6685082868.05472
2019-07-22,225.698652681,226.862576632,213.448377793,217.560020158,6338843918.84712
2019-07-23,217.56845923,218.518054304,209.638119478,212.728522894,6976091534.01779
2019-07-24,212.5538175,217.535432639,203.893403399,217.046368323,7168982842.86067
2019-07-25,216.969117163,224.254197764,216.135148152,219.61799494,6731281160.29515
2019-07-26,219.62812266,220.236386997,214.125692482,219.62960287,5729852177.97749
2019-07-27,219.617630191,223.517262182,204.903936423,207.408317263,6257703907.68677
2019-07-28,207.413777385,212.041834412,202.252898795,211.186552032,5504887933.62837
2019-07-29,211.123652339,213.932051457,208.764305578,211.268057982,5485190664.09895
2019-07-30,211.339197095,213.614075143,206.867612782,210.522603615,5489918858.83959
2019-07-31,210.492418908,218.654145766,210.437914813,218.654145766,6003828339.80785
2019-08-01,218.554589582,218.812658568,212.914499835,217.808443355,5965442642.11954
2019-08-02,217.884463629,222.182571308,215.975823263,217.871561739,6159440229.49328
2019-08-03,217.895548193,224.623226298,217.331741359,222.490335375,5697798687.247
2019-08-04,222.580813939,224.227298725,218.492178064,222.66972669,5238542572.36443
2019-08-05,222.650882153,235.63528145,222.603887057,234.215027081,7765060287.48577
2019-08-06,234.245589875,239.115898607,223.551182646,226.020649952,7647742672.25569
2019-08-07,225.925285621,229.656576639,222.775448151,226.391007833,7020342209.93313
2019-08-08,226.518473433,226.774713498,216.516243842,220.941859044,6713525643.80776
2019-08-09,220.908646203,221.364338721,208.245979147,210.48891334,6964818794.94313
2019-08-10,210.530162407,213.734837771,203.793111271,206.733534292,6584748527.15083
2019-08-11,206.732241229,216.59865006,206.510806411,216.092871768,6440605604.66652
2019-08-12,216.055910128,216.142569062,210.946491163,211.288063961,5674315558.98388
2019-08-13,211.342700942,211.384412669,205.422496818,208.709040675,5946313204.82834
2019-08-14,208.603990803,209.066435331,186.331920233,186.60774116,7444456153.88779
2019-08-15,186.683509034,189.462154165,178.142568297,188.50206008,8197244441.20126
2019-08-16,188.644251454,188.905599193,180.384837452,185.4400734,7133915837.21217
2019-08-17,185.531660166,186.703146521,182.593890184,185.687679251,5512696512.56165
2019-08-18,185.841101073,197.522491026,183.692237622,194.493530508,5969012023.76266
2019-08-19,194.556030003,203.560151452,193.108249108,203.091932563,6145148691.75336
2019-08-20,202.813142758,203.015987478,195.619541613,196.565408066,6408417609.56345
2019-08-21,196.621696337,197.027439205,182.689171076,186.891630451,7775772700.38851
2019-08-22,186.941237586,194.415516107,183.384519117,191.332912454,7569043874.24684
2019-08-23,191.106870651,195.906487438,189.562324256,194.706208556,6658162376.91043
2019-08-24,194.671637602,194.784993925,187.627260827,191.289562719,6249737981.87281
2019-08-25,191.234781691,192.163323384,184.964752443,186.842392623,5826017143.09483
2019-08-26,186.73555531,193.442190135,186.73555531,188.929374951,7207986636.49148
2019-08-27,188.950058002,188.96318264,185.472925933,187.516661348,6042327402.37852
2019-08-28,187.495500936,187.93087296,172.185606116,173.88997343,6696604087.30546
2019-08-29,173.958692454,173.996396867,167.170903951,169.516734455,7129569082.92542
2019-08-30,169.489281525,170.773508331,167.071417764,168.834875179,5776520220.38358
2019-08-31,168.887899484,174.323981568,167.802580223,172.469788861,5830212248.59876
2019-09-01,172.458407973,173.696854992,169.531274449,171.629420013,5554799575.86462
2019-09-02,171.697601256,180.145211856,170.451692941,178.347353576,6503447136.84019
2019-09-03,178.357750076,182.347998875,175.970170403,179.49932195,6962728937.89467
2019-09-04,179.491989042,180.136600317,175.325360134,175.992884274,5938120493.68221
2019-09-05,175.966277315,176.163911931,171.746826263,174.217126821,5589476515.73174
2019-09-06,174.172218831,177.718705046,168.341342296,169.956174802,6797611877.92789
2019-09-07,169.955274874,180.851609039,169.444118955,178.262616376,6791531341.50237
2019-09-08,178.282587325,182.977074996,178.14250612,181.355524085,6472677265.54535
2019-09-09,181.362484764,184.149466801,177.419350194,181.149467473,7232938985.21884
2019-09-10,181.212841424,184.06343323,178.122417487,179.787171751,6291476771.88395
2019-09-11,179.839500008,181.757468661,176.500914359,178.725492594,7157139034.57583
2019-09-12,178.803768356,181.998565037,177.847316437,181.01609158,5838605476.60951
2019-09-13,180.975581433,181.498296237,178.582050496,181.109723362,5955041236.88394
2019-09-14,181.321574158,188.446935397,180.372201434,188.10550845,6500686511.40863
2019-09-15,188.068433417,190.399341609,186.44732097,189.789129887,6222874780.03891
2019-09-16,189.689334763,198.204978147,189.689334763,197.113177378,8242029487.84859
2019-09-17,197.114754867,213.731949505,196.715489113,208.608748647,10232590812.3656
2019-09-18,208.050603082,216.711495852,208.050603082,211.393034896,9194634557.49188
2019-09-19,211.247234001,222.871689908,204.685779042,221.280858893,10620070912.9684
2019-09-20,221.069630368,221.598551099,215.159640868,218.050055201,8027974272.74846
2019-09-21,217.89737946,220.95830129,215.00017371,215.516209164,7743309777.58618
2019-09-22,215.486560186,216.086241893,207.644927476,211.545386424,7812854575.99592
2019-09-23,211.71320384,211.840511211,201.88723503,201.92131273,7494673136.16622
2019-09-24,201.842085557,203.500544461,162.727787867,168.110736232,11757739233.1186
2019-09-25,168.133570556,174.719774385,164.913478633,170.892695093,9766632017.94205
2019-09-26,170.756919315,171.692644203,157.130330654,166.727124473,7848286154.30683
2019-09-27,166.651699935,175.610783776,163.209498809,174.710992913,7909313624.77742
2019-09-28,174.680832614,175.778730451,170.773953527,174.572891745,6895423445.15338
2019-09-29,174.612745399,175.210218487,166.997688971,170.503485433,6497088198.81031
2019-09-30,170.461352821,179.872201473,167.036605844,179.872201473,7552915148.35166
2019-10-01,180.209117089,185.045535125,175.812652621,177.340419656,7676276225.2131
2019-10-02,177.224053284,180.826121784,175.33427466,180.710506299,6335595249.54201
2019-10-03,180.703709132,180.799202984,172.599876402,175.199341492,6381403724.76457
2019-10-04,175.238429153,178.552078786,173.564085217,176.985006881,6248928449.44979
2019-10-05,176.946323748,177.713243918,173.069557552,176.351522792,5837211771.43894
2019-10-06,176.364384214,177.364545406,171.299780406,173.059144782,5852890673.67402
2019-10-07,172.940341536,182.356347793,171.527811489,181.186333328,7844316833.72066
2019-10-08,181.11335695,184.359965696,179.133388207,182.021563815,7466282780.16153
2019-10-09,182.036297684,194.300496365,180.668441732,193.293257938,9088122101.43279
2019-10-10,193.191075753,193.896929,188.306469417,191.659672427,8375913275.60218
2019-10-11,191.801074478,195.318799252,181.661839953,182.569691851,9128522969.9769
2019-10-12,182.53403369,186.304888474,179.984837776,180.826640026,7494328840.32675
2019-10-13,180.861314449,185.075920005,180.317159409,182.075152956,6733182272.98882
2019-10-14,182.028471088,187.303617978,181.662271832,186.960906402,7276520699.1695
2019-10-15,186.977054117,187.759866683,179.46278694,181.406059693,7731456579.05486
2019-10-16,181.343735143,181.668609283,174.064157493,176.013511357,7691244590.2998
2019-10-17,175.906894241,178.899551464,174.565826716,178.028348281,6737237422.59094
2019-10-18,177.988549774,178.179793043,171.005053485,173.621340828,7566257807.32239
2019-10-19,173.649451982,175.608225435,172.215459818,172.913025758,6551453871.40837
2019-10-20,172.974754539,176.718681634,171.210717443,175.534373653,6801091120.45495
2019-10-21,175.524753686,177.741727183,173.287744022,174.920987616,6815820627.39651
2019-10-22,174.905063725,175.650024771,172.266230481,172.300854142,6990951966.27684
2019-10-23,172.262803118,172.420583951,157.463417749,162.40278776,9624925919.32647
2019-10-24,162.514108625,164.147567595,160.887955434,162.16854058,7300917536.95737
2019-10-25,162.189716575,183.000118051,161.966017039,181.523214189,10358594018.0388
2019-10-26,181.667064713,195.942508543,176.133801571,179.83547805,13831784985.9556
2019-10-27,179.932637268,188.155332372,177.682360257,184.242211278,10815941952.4884
2019-10-28,184.397511597,187.883155619,180.249559524,182.662817561,10406734124.2941
2019-10-29,182.670386019,191.846761455,182.364369327,190.342582145,10622761957.6111
2019-10-30,190.336390704,191.111939169,181.546374236,184.692164388,10484902804.1386
2019-10-31,184.797621023,188.751266753,180.068356922,183.966917607,9607939606.41939
2019-11-01,183.803690756,185.059713079,181.094492084,183.969902446,9145611130.24049
2019-11-02,184.018152481,185.708953549,182.79767278,183.925717366,8087991830.26898
2019-11-03,183.994825124,185.024219491,179.818138575,182.425021922,8760247743.89708
2019-11-04,182.319031206,188.02293649,181.821602875,186.355190781,10551917945.359
2019-11-05,186.309310325,191.257831666,184.331984425,189.304170553,10024177342.2628
2019-11-06,189.11349691,193.547248514,188.667680659,191.593841453,10156458684.4372
2019-11-07,191.504306508,191.861093313,186.567003385,187.976543734,9081247798.75312
2019-11-08,187.924264977,188.815971577,182.541361904,184.211470298,9176780911.47042
2019-11-09,184.311722495,185.838538565,183.902230949,185.028722122,7277418704.1412
2019-11-10,184.943355818,190.92061632,184.686781539,189.477274196,8752784211.20736
2019-11-11,189.502924735,190.338424095,185.086316684,185.489646106,7877424105.78575
2019-11-12,185.564841787,187.948030102,184.191052582,186.843411554,7792186666.38916
2019-11-13,186.942441671,189.331878003,185.937949171,188.258745224,7343173595.61632
2019-11-14,188.27250908,188.634593325,184.992287118,185.999635946,7872664470.15129
2019-11-15,186.058166051,186.25183211,179.379559595,180.521180884,8815678477.41818
2019-11-16,180.49910079,184.155272162,179.98567849,183.348359202,6789888119.76224
2019-11-17,183.350825286,188.191346079,182.336800497,185.119235523,7364325470.86392
2019-11-18,185.041461746,186.927156663,179.175514248,180.559604932,7787662111.08413
2019-11-19,180.502463972,182.528003019,175.197117565,177.45554544,7536699743.0686
2019-11-20,177.415277406,178.993147505,175.290438028,175.6983433,7205785148.75662
2019-11-21,175.673600001,176.209206597,159.365129955,161.462725503,8546371324.81243
2019-11-22,161.505887488,163.02809752,142.344094109,150.26817098,12020749863.3102
2019-11-23,150.212213393,154.101559706,147.601243609,153.417791778,8289198330.46398
2019-11-24,153.430526462,153.965918032,142.83470143,142.83470143,7782769097.96346
2019-11-25,142.697001106,150.20796929,133.802337987,146.476535696,10962753356.2225
2019-11-26,146.404304516,150.004759679,145.216880087,148.96506618,7648516297.02655
2019-11-27,148.396817722,154.88720975,143.525608242,153.010552055,8778095307.55748
2019-11-28,153.069243365,156.61359186,151.091123923,151.717573997,7346531960.14567
2019-11-29,151.768599994,156.848408706,151.46043179,155.304145933,7503898278.34336
2019-11-30,155.286408885,156.691292764,151.225342379,152.539691345,6565950867.57656
2019-12-01,152.491922282,152.491922282,147.067926925,151.18572935,7102780297.53541
2019-12-02,151.175477999,152.116960828,147.606802776,149.059152693,6670561362.03602
2019-12-03,149.058248081,150.310425447,146.001671383,147.956415218,6204379850.28827
2019-12-04,147.918388348,150.680817207,145.0008918,146.747737819,7865937093.74484
2019-12-05,146.686492302,153.15540271,145.459082589,149.248994591,6745910228.16273
2019-12-06,149.396488916,149.670523552,147.606520714,149.194447774,6458766440.82297
2019-12-07,149.197606545,149.799718704,148.37477592,148.768162887,5911233283.71439
2019-12-08,148.743677104,152.392923414,148.313344184,151.264725315,6441727251.90339
2019-12-09,151.224389965,151.913943664,147.621365814,148.225168781,6744206747.0556
2019-12-10,148.179858747,148.564463566,144.907955651,146.267046031,6859512024.6642
2019-12-11,146.320648091,147.139202624,143.045365027,143.607998355,7037180048.9642
2019-12-12,143.615658161,145.751652253,141.436979748,145.604010549,7890383412.9071
2019-12-13,145.655689017,145.85710645,143.746524615,144.944741929,7264810246.99922
2019-12-14,144.953417715,145.529079348,142.434559895,142.869227238,7048066972.93017
2019-12-15,142.864988576,143.925351226,139.42695086,143.114989792,7235153410.52763
2019-12-16,143.139533136,143.224852565,132.456657895,133.61402998,8992282118.51747
2019-12-17,133.647182001,134.011534463,121.395078124,122.603888126,9057166141.27371
2019-12-18,122.656835836,133.394160052,119.780058221,133.092194403,11864518320.5441
2019-12-19,133.05277909,134.190642603,125.97166359,129.321129968,9564699140.35361
2019-12-20,129.384366722,129.756300732,126.985352194,129.066049932,8173594150.20477
2019-12-21,129.095966121,129.147662646,127.612089859,128.13094934,7449064703.41086
2019-12-22,128.098122038,133.160030519,127.928485872,132.37251946,9121058480.87221
2019-12-23,132.306988432,134.731755034,127.416720388,128.614088921,9622497692.83868
2019-12-24,128.62925282,131.67229236,127.308771934,129.0638929,7961819689.05043
2019-12-25,129.068500954,129.068500954,124.885489957,126.454637577,8418019053.70605
2019-12-26,126.486325728,130.898351138,125.406443018,126.361222911,8600871979.91953
2019-12-27,126.368795374,128.097571483,124.820811411,127.214610889,8299390175.93952
2019-12-28,127.213015267,130.258169106,126.89969677,128.322711714,8069298610.13405
2019-12-29,128.266871385,136.81119671,127.997655519,134.757985408,9708776785.7324
2019-12-30,134.796516661,136.75735672,131.545562924,132.633488892,9796951715.72046
2019-12-31,132.61226804,133.732673553,128.798150408,129.610859432,8936866396.64453
2020-01-01,129.630655703,132.835356857,129.19828458,130.802008077,7935230330.4751
2020-01-02,130.820037712,130.820037712,126.954910696,127.410182379,8032709256.07622
2020-01-03,127.411261334,134.554013719,126.490019807,134.171712485,10476845358.0825
2020-01-04,134.168523193,136.052714158,133.040551066,135.069371268,7430904515.09457
2020-01-05,135.072093991,139.410202121,135.045629195,136.276776707,7526675353.24436
2020-01-06,136.305547376,144.328182399,136.079631955,144.30415371,9093747120.54445
2020-01-07,144.311990223,145.001774824,140.4888772,143.543998337,9257954671.54302
2020-01-08,143.487828532,146.828000336,138.268202336,141.258134415,9387194956.58904
2020-01-09,141.155776805,141.393989012,136.236404404,138.979196656,7697325347.90469
2020-01-10,138.967043356,144.167321507,135.5203966,143.963781218,9084816202.76711
2020-01-11,143.409108237,146.480905038,142.207954733,142.927114494,9332208590.18775
2020-01-12,143.032542583,146.145866271,142.70764568,145.873931189,8528167453.24902
2020-01-13,146.220132646,146.791233735,142.907137969,144.226591141,8378529469.79702
2020-01-14,144.25104879,167.681553672,144.0649254,165.955358611,16712318373.0187
2020-01-15,165.73461492,170.425668392,161.109620478,166.230685102,15173694057.1567
2020-01-16,166.332830879,167.058148664,159.709646034,164.391010988,13735193017.9104
2020-01-17,164.489378644,173.069206686,162.775606044,170.77995796,14997091825.8827
2020-01-18,170.747720668,178.528782319,166.789015581,175.36567147,14929342255.5251
2020-01-19,175.467596812,177.247628512,163.676859896,166.969841975,13713374132.1754
2020-01-20,166.904132899,169.11487959,162.331598259,167.120509335,11144529787.0924
2020-01-21,167.060471487,169.910115785,165.819719081,169.69716391,9789369362.47085
2020-01-22,169.608539246,171.008695889,166.774231806,168.294161709,9209827927.92133
2020-01-23,168.295706571,168.312241207,160.295318963,162.928558428,10396868698.0135
2020-01-24,162.899373257,164.309446677,156.749744617,163.051182861,10657671161.8162
2020-01-25,163.067289351,163.22722698,158.632477426,161.283936353,8256956801.64332
2020-01-26,161.176822823,168.220317249,160.281126809,168.077100489,9261861589.61793
2020-01-27,168.008857304,172.922913631,166.901097609,170.930890433,11004476145.2172
2020-01-28,170.88486291,176.370320541,170.738064574,176.370320541,11772875063.6629
2020-01-29,176.347887584,178.842968644,175.050337929,175.050337929,10725267310.6002
2020-01-30,174.917704987,186.260489829,172.374633859,184.690476436,12604789338.0387
2020-01-31,184.736902227,185.405842386,176.29681703,180.160175239,11728616393.8933
2020-02-01,180.113770906,183.845555076,179.745185298,183.673947121,11569697182.4858
2020-02-02,183.53250583,193.080396944,180.173943963,188.617538168,14054425388.9062
2020-02-03,188.607413495,193.436888878,188.012688899,189.865063235,12392875241.4011
2020-02-04,189.861727725,191.111489369,185.403623948,189.250602393,11714191695.0612
2020-02-05,189.299101593,206.804001224,188.752688155,204.230244698,14865434434.9265
2020-02-06,204.129695369,214.597709717,201.90407252,212.339079745,16425589682.5221
2020-02-07,212.315888796,223.14093027,212.304201429,222.72606629,16673443564.2959
2020-02-08,222.510965248,226.588093396,215.386290214,223.146521744,16741203125.0677
2020-02-09,222.982234885,229.86424688,222.982234885,228.578569991,15031356241.4966
2020-02-10,228.549129167,229.184608833,218.080052078,223.52269963,16210008511.4996
2020-02-11,223.38493801,236.547127792,218.61761447,235.851199501,16964695963.4936
2020-02-12,235.89821783,272.398840133,235.896275162,265.406126106,24545049385.8684
2020-02-13,265.052689901,273.741056753,258.922506086,268.099256044,25801317504.3066
2020-02-14,268.023276951,285.056420339,262.762512307,284.217509609,23558253462.7508
2020-02-15,284.561303249,287.123696828,264.27967198,264.728585265,23682452994.3183
2020-02-16,264.904049173,272.88243386,242.484412312,259.894703492,25152366643.3689
2020-02-17,259.890552078,266.871240875,244.335323068,266.363446303,26024080088.8484
2020-02-18,266.508806225,283.196145102,261.46388605,281.944579134,26511477187.1359
2020-02-19,282.036283234,283.537934246,259.763962739,259.763962739,22679414412.7183
2020-02-20,259.819864343,263.695400951,250.951261799,257.949455024,23229828870.1201
2020-02-21,257.891124589,267.004846018,255.689093416,265.600612524,20867593292.2429
2020-02-22,265.551572627,266.387191881,258.913135229,262.331720974,16906032861.6085
2020-02-23,262.278398469,273.754156046,261.960509305,273.754156046,19585998813.8732
2020-02-24,273.705093013,275.539514719,259.625167292,265.216417336,22400845640.3032
2020-02-25,265.283387365,265.431474789,246.858998262,247.817592279,21878882134.0529
2020-02-26,247.740203914,249.649704471,221.26655528,225.680265514,26235617201.076
2020-02-27,225.687043551,237.228921201,212.664520176,226.753395276,25645522789.772
2020-02-28,226.987608317,234.208941042,216.346202543,226.760501479,22563530559.1046
2020-02-29,226.83344436,232.256629075,219.84851255,219.84851255,18181296376.3477
2020-03-01,219.752677765,226.677879726,214.130438219,218.970599927,18179807469.1001
2020-03-02,218.711624433,232.81158033,217.284286992,230.569781825,20305587789.0636
2020-03-03,230.523964194,232.325807587,221.732660902,224.479622332,19853178572.3478
2020-03-04,224.565344516,228.040421197,222.088881473,224.517976367,16567075208.0566
2020-03-05,224.641887879,234.364462456,224.641887879,229.26818886,18201291785.2961
2020-03-06,229.168427287,243.554974181,228.743582094,243.525299741,19374772256.2312
2020-03-07,243.750192697,249.978491516,237.551288703,237.853095033,19431652027.37
2020-03-08,237.780692824,237.780692824,200.602989381,200.689052256,21381823651.3696
2020-03-09,201.318494784,207.451400445,192.269899128,201.986327111,23645428606.1061
2020-03-10,202.863957927,205.714251565,198.064497432,200.767247427,18344930072.1938
2020-03-11,200.768029684,202.954304117,184.362157522,194.868528471,16984790291.2585
2020-03-12,194.738916665,195.147941371,111.210712286,112.347123759,22134741654.7299
2020-03-13,112.6899948,137.429536226,95.1843005183,133.201807239,27864623060.6624
2020-03-14,133.582473071,134.48437219,122.414475368,123.306024593,12740784545.4522
2020-03-15,123.24606626,132.24214741,121.853652559,125.214304313,12719251812.5511
2020-03-16,124.996113298,124.996113298,105.171442924,110.605876012,15984904589.6297
2020-03-17,110.406784983,118.988285212,110.406784983,113.942750228,12087490572.2852
2020-03-18,113.857645886,116.021622003,111.743113757,114.842273039,11617854008.6765
2020-03-19,114.839824562,140.527718816,114.732866412,136.593857971,16396753275.29
2020-03-20,136.649279112,150.853809638,122.605660253,132.737170068,18960388062.1676
2020-03-21,133.101765752,135.972415782,127.163757137,132.818707849,13684083307.7535
2020-03-22,132.851142442,136.151645021,122.909336412,123.321147745,12497707223.5765
2020-03-23,123.365981102,134.911612009,121.867883775,134.911612009,14149877968.1487
2020-03-24,135.194133653,141.94853261,133.168776064,138.761445013,14609068673.4853
2020-03-25,138.914967306,141.403786497,134.304231776,136.195892908,13433092919.8647
2020-03-26,136.190680372,138.830572735,134.886035886,138.361557339,11367261176.0051
2020-03-27,138.369931635,139.902697099,133.937940192,133.937940192,11396286629.2955
2020-03-28,134.032739614,134.032739614,126.962190407,130.986494884,12162403960.3873
2020-03-29,131.015337153,131.174080408,125.450053646,125.583730441,9938133668.53392
2020-03-30,125.577896504,133.91147088,125.289680097,132.904538063,11841123306.4222
2020-03-31,132.820922397,134.274135643,131.652891555,133.593565057,11065246316.9778
2020-04-01,133.612324512,135.634552336,129.730944345,135.634552336,12456564434.6682
2020-04-02,135.732172896,146.787092408,135.732172896,142.029147631,15322861686.0569
2020-04-03,142.11045061,146.899878532,139.619379341,142.091309874,13184603401.9239
2020-04-04,142.215184398,145.377306567,140.121829255,145.219384622,11946658256.7012
2020-04-05,145.261015263,146.128521099,142.102077702,143.54664871,11280993590.8495
2020-04-06,143.608209519,169.272648648,143.544606813,169.135884595,21636382525.0974
2020-04-07,169.147453326,175.204131815,164.20331987,165.101942525,21659346091.3178
2020-04-08,165.240328462,173.210270523,164.493198979,172.641733789,17063110836.1549
2020-04-09,172.761267841,172.897784699,167.987114695,170.807147486,14901696210.1146
2020-04-10,170.829264498,170.949774109,154.914474452,158.412448608,17980944615.7097
2020-04-11,158.538984729,161.167573317,155.298342395,158.216023679,13555089447.1146
2020-04-12,158.232394912,164.516947729,156.320508571,161.142420145,15123721385.9445
2020-04-13,160.720665735,160.749700846,151.614491183,156.279549094,16465282132.7883
2020-04-14,156.355952301,160.944273391,155.865939078,157.596395681,14723156630.0595
2020-04-15,157.565643197,160.711126485,152.802835953,153.286892905,14171753736.5254
2020-04-16,153.200417561,173.157275575,150.359424649,172.157382821,22910469235.6043
2020-04-17,172.279425236,174.275902646,169.751566356,171.638582707,16714684265.8828
2020-04-18,171.618074875,187.940473093,171.618074875,186.914005844,20160323442.9954
2020-04-19,186.861986935,188.098920658,180.120819808,181.614959142,19146038381.4492
2020-04-20,181.480229924,186.083543156,170.321271485,172.297157575,21266681335.1588
2020-04-21,172.017710093,175.17845978,170.552841658,172.737700531,16458767984.0892
2020-04-22,172.670390889,183.751005038,171.826599432,182.599574801,17994666394.6491
2020-04-23,182.620173958,189.088865141,180.340651649,185.028670833,21275740032.2271
2020-04-24,185.222103347,190.210388159,185.222103347,189.236941873,16788555028.0547
2020-04-25,189.207401976,196.792378168,188.459533591,195.515300681,18260969748.1499
2020-04-26,195.413589078,199.344968717,194.768072729,197.317530184,18335367011.6376
2020-04-27,197.475716201,199.552798089,193.454161044,197.2247212,18670194594.8337
2020-04-28,197.27351176,198.786551759,194.849425704,198.415382994,18217507467.0215
2020-04-29,198.465191822,218.454630785,198.124507757,216.968223855,26397548759.2642
2020-04-30,216.909133825,227.529689912,206.436924411,207.602055895,28089191903.9978
2020-05-01,207.901731105,217.628019939,207.780886804,214.219106382,20816320833.5286
2020-05-02,214.230087793,215.847533858,212.878670701,215.32538422,18260876092.1731
2020-05-03,215.352072089,219.270867579,208.692373475,210.93315693,20469034664.1327
2020-05-04,210.89085707,211.828387957,199.047730971,208.174010942,22602446421.767
2020-05-05,208.013004654,211.778624741,204.031129918,206.774404531,19004689099.1832
2020-05-06,206.481357853,211.534622578,204.040878521,204.055782253,20343543799.0392
2020-05-07,203.912850387,214.392466787,202.074837325,212.289405787,23594744655.394
2020-05-08,212.198234909,216.32768868,208.830737701,212.991579806,20445139356.3264
2020-05-09,213.142172406,214.739125935,209.071520041,211.600123566,18950547549.2131
2020-05-10,211.552192534,211.552192534,182.711162897,188.599570436,25211575192.6674
2020-05-11,188.632189899,191.362328624,180.718334193,185.91283695,20054601646.7873
2020-05-12,185.877340106,191.60134408,185.701797601,189.312502269,15899726283.7581
2020-05-13,189.374105563,200.197322877,189.127706393,199.193283428,17054662288.5919
2020-05-14,198.891506002,204.117601145,196.868814552,202.949100772,20150524860.6463
2020-05-15,202.955396986,203.566393272,193.75567763,195.622658341,16602342092.1298
2020-05-16,195.613392471,202.771197451,194.501589623,200.677118596,15379081644.7062
2020-05-17,200.608866827,209.160936215,200.102801245,207.158694333,15470397302.6915
2020-05-18,207.179785914,215.908468738,207.109063807,214.525055208,17411566927.5013
2020-05-19,214.604940045,214.604940045,210.143052695,213.451110911,14346192778.7086
2020-05-20,213.446235987,214.716819768,207.975820963,210.096735593,12730175510.5633
2020-05-21,210.12915146,211.625181218,193.346429346,199.883605552,13308321228.8459
2020-05-22,199.837116422,208.591539834,198.040861331,207.169194624,12041592113.5988
2020-05-23,207.194488408,210.386456132,205.294214505,208.694402844,10665476767.6428
2020-05-24,208.716063355,210.595083828,202.370350969,202.370350969,11833299571.9749
2020-05-25,201.982647752,206.361444588,200.667550196,205.319750096,10415044123.5561
2020-05-26,205.259562478,205.75254632,200.26427483,201.902309998,10159741290.3502
2020-05-27,201.893006735,208.863429364,201.785061228,208.863429364,10631034756.4509
2020-05-28,208.885433297,220.27650712,206.242668195,219.840431324,12212469603.9905
2020-05-29,219.925055212,224.216876901,218.238049131,220.675124275,12265816557.4289
2020-05-30,220.717210701,243.943144477,218.744454287,242.345590189,15027397866.509
2020-05-31,242.351384355,244.045261307,230.052831272,230.975700856,12234904813.3392
2020-06-01,230.860252561,248.236274869,230.488045872,246.991760327,13951727936.4523
2020-06-02,246.828193218,252.222002825,233.225299421,237.219061533,13782107566.7125
2020-06-03,237.395211559,244.179324047,235.464454028,244.179324047,9861760817.12703
2020-06-04,244.10528023,245.928972375,236.765302945,244.426387575,10170414303.5273
2020-06-05,244.349586587,247.329502999,240.682050877,241.221991758,9293963913.72746
2020-06-06,241.201353987,245.981041604,239.724539985,241.931320121,8114873844.8001
2020-06-07,241.90807498,245.435253962,236.325258653,245.167259144,9544883157.42203
2020-06-08,245.178572826,246.644197314,241.542183588,246.309898559,8076783298.94849
2020-06-09,246.175024993,248.342438256,242.33854616,244.911453825,8446545787.72598
2020-06-10,244.822073866,248.651155311,242.819746702,247.444943732,8792990205.54989
2020-06-11,247.548531685,249.888304723,229.942972879,231.702669421,12356528860.4776
2020-06-12,231.625462209,239.354687088,229.64505836,237.493210284,8868955009.12327
2020-06-13,237.544621049,239.193096518,235.889680148,238.908842797,7141624979.75205
2020-06-14,238.968186749,239.101452677,232.958196278,234.114695213,7439385176.17291
2020-06-15,234.058302429,234.237839308,221.241757979,229.928901759,10536099884.1166
2020-06-16,229.762304793,236.394304557,228.42614419,234.416174104,7965648016.42445
2020-06-17,234.492376957,235.954054715,229.341639057,233.028279483,7701391591.86815
2020-06-18,232.898689885,234.570646887,228.951434888,232.101162633,6713800871.61371
2020-06-19,231.954971097,232.154108026,226.795185699,227.138289785,6946372589.52751
2020-06-20,226.976368973,231.449016971,226.640630794,229.274256792,6252830565.7274
2020-06-21,229.216141181,232.358948742,228.492993509,228.989820504,5600408177.54414
2020-06-22,229.003374761,243.776019799,228.934740044,242.53319314,9079586552.41625
2020-06-23,242.537021612,244.864415389,239.759728576,244.142144306,6624530348.23615
2020-06-24,244.185921342,248.508019638,232.807733505,235.772462091,8815030024.6531
2020-06-25,235.702845657,236.053405848,230.296595306,232.944486695,7010426122.49538
2020-06-26,232.877481261,233.901927687,229.259464607,229.66803925,7187490225.5069
2020-06-27,229.631491261,232.493416655,220.564568586,222.959785939,6918380954.96753
2020-06-28,222.914486366,228.598289382,219.472677862,225.347168434,6205925718.18911
2020-06-29,225.361436367,229.90320674,222.254997097,228.194866701,6726164653.25879
2020-06-30,227.968423935,229.476811973,224.815178416,226.314997358,6094093001.38843
2020-07-01,226.134585409,232.756119421,224.835737857,231.113421712,6463737442.7548
2020-07-02,231.288908687,232.396876364,225.461957364,229.392201582,6212210566.42201
2020-07-03,229.318955364,229.629320567,224.913965302,225.387063259,5109032700.30978
2020-07-04,225.288477168,230.054133886,225.133309546,229.074112293,5228310135.25311
2020-07-05,228.976197947,229.856724001,224.544490381,227.664598709,5292172428.83374
2020-07-06,227.685011543,242.132713292,227.029522771,241.510225122,8782917552.8496
2020-07-07,240.972593663,242.681859964,234.218655772,239.075528329,6441497597.21395
2020-07-08,239.159976697,248.308862752,238.398368621,246.670015358,9892586411.24723
2020-07-09,246.748290882,247.291668553,239.898645911,243.015967829,8429099198.82344
2020-07-10,242.868018736,242.883795295,236.730533652,240.984985207,7281370521.9948
2020-07-11,241.044787664,241.527478135,238.331230756,239.45817693,5643067315.96068
2020-07-12,239.459633832,243.311135946,237.770210731,242.131695235,6596394717.63645
2020-07-13,242.181866149,244.310516301,238.232369975,239.60458484,7787751467.56729
2020-07-14,239.97561514,242.003777227,237.796193139,240.211494177,7357458554.75763
2020-07-15,240.143642313,241.402696471,237.09617132,238.423526948,6189328448.08304
2020-07-16,238.450915595,239.00625292,231.621168905,233.640883013,5832057567.02746
2020-07-17,233.69139519,234.415063673,232.109964728,232.773085613,5859850528.65314
2020-07-18,232.855677949,236.543977437,232.324884475,235.483805219,5397402116.73989
2020-07-19,235.458301178,239.16068486,233.27974483,238.487523715,6251377304.55921
2020-07-20,238.49487642,239.576253504,234.85264297,236.153167708,5600686192.17847
2020-07-21,236.302509731,246.186263512,235.680969089,245.01672849,6806696014.6769
2020-07-22,245.037265538,262.985038935,242.484338998,262.190656292,7702077382.78775
2020-07-23,262.38864728,277.58347637,261.047083158,274.689049046,10281309261.7956
2020-07-24,274.722698403,286.192831871,269.239784575,279.215409484,9466060358.15756
2020-07-25,279.026364075,306.740999501,279.026364075,304.056761197,10785021812.5683
2020-07-26,303.692367729,316.386325685,300.267828297,309.643609292,12003973025.6976
2020-07-27,309.657923172,330.701215353,309.657923172,321.514088181,15644257058.4918
2020-07-28,321.829751647,325.905965506,307.721358662,316.657252341,12357108064.5674
2020-07-29,316.555373877,324.380803301,313.109593521,318.190884419,10878845706.0157
2020-07-30,318.144986303,338.631189985,315.751089914,334.586629282,11827689045.337
2020-07-31,334.633743039,348.611372268,329.340936911,345.554649307,12030600491.5271
2020-08-01,345.798601857,388.847974328,343.587434131,385.199719325,14045259476.5426
2020-08-02,385.549871043,411.22831179,357.143634409,370.671711492,18909744275.0564
2020-08-03,371.133859143,396.506991634,369.336333481,386.295173437,12834648062.1108
2020-08-04,386.156467393,400.700625443,382.985113401,389.875485136,14086704220.9606
2020-08-05,389.710819888,406.303965292,386.218484117,401.59058634,12875466638.4325
2020-08-06,401.583866599,403.48866662,392.600185436,394.961957147,11304626458.1089
2020-08-07,395.226876502,398.249018455,367.935506263,379.512855039,12751687083.9109
2020-08-08,379.551583661,393.987376065,377.349718813,393.987376065,9342060531.02452
2020-08-09,395.305236246,399.737078385,385.83072806,391.120454943,9451065592.32828
2020-08-10,391.041493623,399.375944265,391.041493623,395.887569508,11685827893.4464
2020-08-11,395.894723854,398.478900957,370.860617818,380.384068285,12792218736.9704
2020-08-12,380.063817832,391.312314585,367.923607786,391.024162058,12408772745.1829
2020-08-13,390.838108955,432.90459151,379.710891007,428.741782282,18480303525.5272
2020-08-14,428.677267946,444.577754687,423.345861547,437.397839521,15064589987.0928
2020-08-15,437.562995856,441.754600593,429.874590759,433.354926495,12416067894.221
2020-08-16,433.35059815,436.265828703,415.086255105,433.786609983,12168816874.4955
2020-08-17,433.973761033,442.734973852,422.647281056,429.531252334,13227089409.9208
2020-08-18,429.669619551,432.580295725,419.674107416,423.669315654,11978984078.5704
2020-08-19,423.73860076,427.024649222,396.678341621,406.463786824,13137391166.8496
2020-08-20,406.758913626,418.734448517,404.026103834,416.439794883,10043032427.1609
2020-08-21,416.148774123,418.637980133,387.441124032,389.126350308,11781796374.0018
2020-08-22,389.031111405,396.466589196,382.814637548,395.835141215,10131847985.2902
2020-08-23,395.562839161,396.490417399,385.039808917,391.384499842,8137303969.58262
2020-08-24,391.678986309,409.388581223,389.314602569,408.144207149,10328860398.4294
2020-08-25,408.07168495,408.527929724,374.355391228,384.001043035,12428442042.1937
2020-08-26,383.977436834,391.873264036,378.705854974,386.466124211,9967343483.07735
2020-08-27,386.60985557,395.349171508,374.866486409,382.632632123,10457777651.6621
2020-08-28,382.629568423,397.757636387,381.273841602,395.874666093,9120674421.40906
2020-08-29,395.687586586,405.616355393,393.037423129,399.921471038,8777703480.5025
2020-08-30,399.616688464,428.663960122,399.608373495,428.395717595,11211948040.289
2020-08-31,428.5090174,438.560318908,419.770175158,435.079745266,12774741797.1348
2020-09-01,434.874437724,487.211889983,432.079179027,477.051924154,18862763755.9624
2020-09-02,477.007884034,480.330985995,424.46001881,440.040506887,19691854013.5079
2020-09-03,440.239991898,449.532472075,381.129705491,385.671928369,19622845896.3384
2020-09-04,384.671630472,402.411751082,371.636695541,388.241140415,16747106257.3669
2020-09-05,388.0383992,394.172264436,316.774345734,335.260079079,29880047640.4876
2020-09-06,335.334551778,359.764047796,319.041891045,353.362265679,27643678916.8941
2020-09-07,353.450244604,358.211896204,326.254370324,352.673494754,21763614731.5767
2020-09-08,353.202266511,355.562872591,328.816775373,337.602111896,17991403431.6075
2020-09-09,337.824924824,359.164487377,332.164997639,351.110016528,14547933520.4245
2020-09-10,351.42932317,377.393573135,351.111749802,368.101907072,31421134556.3382
2020-09-11,368.118507843,376.630394506,355.582579956,374.695588755,27296269328.6057
2020-09-12,374.595383839,387.538444729,367.842207238,387.183109613,13295405814.3959
2020-09-13,387.519295759,388.959797641,354.340174183,365.570005047,15005899191.1031
2020-09-14,365.699586133,384.485195289,357.569774822,377.268875067,17536695360.6158
2020-09-15,377.154029026,381.508292952,363.606803421,364.83921823,16140584321.1878
2020-09-16,364.743985856,372.767424109,356.682745906,365.812291316,16107612177.0569
2020-09-17,365.865769814,393.901600481,364.795132142,389.019219686,19899531080.4999
2020-09-18,389.33749501,391.90413319,376.964986793,384.364541978,14108357740.4861
2020-09-19,384.041666526,387.076344806,378.724069452,385.544383604,11049507683.5861
2020-09-20,385.597992859,385.597992859,367.094375211,371.052826188,12292195784.1144
2020-09-21,371.400157647,375.737030935,336.068960729,341.78607406,17398267133.3014
2020-09-22,341.723816802,346.600836529,336.855041313,344.503162317,12732578043.008
2020-09-23,344.58989639,344.67138869,318.9692106,321.11631734,12899346599.434765
2020-09-24,320.98503098,351.46148325,318.54509133,349.35558514,15714304469.551537
2020-09-25,349.41142898,357.77273229,339.01592078,352.18324474,14381086966.402643
2020-09-26,352.35088228,355.8547722,348.10712132,355.48809037,13049148578.633314
2020-09-27,354.95990364,361.98439917,349.8340809,357.43849724,13598126926.217398
2020-09-28,357.92592143,366.43217282,354.54764955,355.15942359,14258455166.170256
2020-09-29,354.36299867,360.35337688,352.14686547,359.75739393,11600013236.401506
2020-09-30,360.03851516,361.17877475,353.32794307,359.93787376,11818610609.911312
2020-10-01,360.30915387,369.26441153,346.47704424,353.20591482,14679481910.903145
2020-10-02,352.94966671,354.11542445,336.46715072,346.2389138,14215390462.624027
2020-10-03,346.21862615,351.30770267,344.66657351,346.52208572,10060167888.725325
2020-10-04,346.60224072,354.04575338,345.13102069,352.5790067,10696959019.87096
2020-10-05,352.73681335,355.21408732,349.67990382,353.95677154,11809507621.821072
2020-10-06,353.9564786,354.98901089,338.00330599,340.81584538,12830796111.973305
2020-10-07,340.94309675,342.45083035,334.54556532,341.80866898,11929918060.017431
2020-10-08,342.04464056,352.21147935,335.64747907,350.76615934,13461017711.458864
2020-10-09,351.11287601,368.31034262,348.20584341,365.59047723,13043501762.905722
2020-10-10,365.40246353,378.26715439,365.35404174,370.96758819,13618484323.701302
2020-10-11,370.92844542,377.24679039,369.82802948,375.14204941,12584512532.997314
2020-10-12,374.79874473,395.12214851,366.64234153,387.7312655,15867455423.689083
2020-10-13,387.14295868,387.37567314,375.58246671,381.19076126,14226744837.67406
2020-10-14,381.97145394,387.29617035,374.17501021,379.48403791,13918846566.589346
2020-10-15,379.19222482,381.20878558,371.35411896,377.44184574,14964182545.498398
2020-10-16,377.86850734,380.02150446,362.59741817,366.22901728,14670784817.427193
2020-10-17,366.01571359,369.76813374,364.48902408,368.85594038,10951115359.491545
2020-10-18,368.727532,378.59764251,368.12915441,378.21369795,11047103109.419369
2020-10-19,378.46963677,383.31766175,373.7022567,379.93560927,12811242091.78954
2020-10-20,379.71970042,380.76100319,367.60106147,369.13691491,13741586581.762468
2020-10-21,369.05943203,400.62725335,368.72795616,392.18996695,20241324322.324265
2020-10-22,391.48861746,420.14165637,391.27631152,413.77299269,15772846484.71008
2020-10-23,414.05132696,418.95993444,403.08202999,409.76669164,14256222051.84666
2020-10-24,409.76723415,416.59965573,407.85173005,412.45761883,12201739193.972786
2020-10-25,412.45763097,417.15920556,405.35065889,406.2177613,10890207469.017435
2020-10-26,406.21798565,411.2798721,383.78290059,393.88831313,15155684229.20082
2020-10-27,393.88819811,409.77285979,390.60844684,403.99704505,13940434101.855663
2020-10-28,403.99708885,408.96473841,381.14631847,388.65077072,15276441134.25126
2020-10-29,388.65106757,393.22768234,381.28874857,386.7301135,12920477749.39854
2020-10-30,386.73024915,391.46472807,375.09240681,382.81999199,13688056969.674105
2020-10-31,382.82003692,393.01012552,381.295271,386.59033529,11276963425.945831
2020-11-01,386.5903379,397.11613412,385.16551356,396.35818693,10475146018.401863
2020-11-02,396.35599261,403.24074361,381.01764016,383.15673256,13997574252.227282
2020-11-03,383.15604785,389.51539403,371.31273818,387.60217328,12588494762.175207
2020-11-04,387.60321316,407.66566108,377.82761204,402.14199843,15126077675.476122
2020-11-05,402.14293982,417.52592866,397.24582788,414.06733818,15440711037.679276
2020-11-06,414.06671193,456.20061826,412.98230088,454.71929029,16738305610.451756
2020-11-07,454.72255187,465.67547017,428.45635273,435.71313513,18873289788.27312
2020-11-08,435.71880588,457.78046711,433.15377189,453.55478553,11292383601.227934
2020-11-09,453.57415606,457.3496084,435.16388611,444.16305707,13704320629.672075
2020-11-10,444.1663887,453.75837001,439.60013092,449.67962112,12090381666.30338
2020-11-11,449.67967125,473.57885205,449.52494523,462.96052774,14075403511.078665
2020-11-12,462.95952416,467.67783699,452.07241718,461.00527114,12877327233.680256
2020-11-13,461.00549147,475.21725299,457.29825652,474.62642092,13191505724.739086
2020-11-14,474.62642179,475.16142708,452.98607958,460.14983674,10312037942.27298
2020-11-15,460.14988916,460.99407703,440.25434243,447.55909533,10308617164.806108
2020-11-16,447.55898086,463.83103894,445.50163163,459.94031258,11441239444.33161
2020-11-17,464.40665118,482.23221838,460.77662343,480.36008258,14593057876.603
2020-11-18,480.34683016,491.99990325,465.8309737,479.48406975,17880199224.06719
2020-11-19,479.48102101,480.12172263,465.70424953,471.63041968,12473929217.903484
2020-11-20,471.63145935,513.61033995,471.63145935,509.74457334,18629943296.2047
2020-11-21,509.74458412,550.22738913,504.23775024,549.48662086,20757099183.908634
2020-11-22,549.4866253,579.37247598,514.51718809,558.06809523,21967049601.05205
2020-11-23,558.05952521,609.98760285,551.26522877,608.45402857,27272302871.85529
2020-11-24,608.5227842,621.17342049,593.83516169,603.89774601,23281758099.84144
2020-11-25,603.90206056,605.09416818,559.67138671,570.68661621,20088492892.57599
2020-11-26,570.51490943,575.64150407,485.49730724,518.80117389,31104004592.476696
2020-11-27,519.10809996,530.777145,497.24262386,517.49368769,16831105702.971172
2020-11-28,517.5973661,548.04486042,508.12536163,538.22980058,14770243833.185575
2020-11-29,538.26458638,576.60239728,531.98753715,575.75804789,15017517758.173054
2020-11-30,575.75708438,615.24053897,571.53775295,614.84252202,20276867832.97377
2020-12-01,615.07032475,635.16058182,571.75396631,587.32418713,27178964464.895428
2020-12-02,587.26159206,604.02247139,578.74101499,598.35234223,16883292129.40914
2020-12-03,598.45920279,622.45267042,588.34637382,616.70875486,16146190946.431929
2020-12-04,616.72280206,618.98313731,569.2834906,569.35419749,16337589996.897411
2020-12-05,569.34764334,596.59547474,563.10664698,596.59547474,13498010566.223131
2020-12-06,596.5686842,606.79192258,584.41171408,601.90899244,11290893016.094542
2020-12-07,601.79709521,602.91792689,585.42865927,591.84337934,10720480961.526337
2020-12-08,591.90083407,594.75156541,552.46924616,554.82775708,14398919320.07013
2020-12-09,554.7929235,577.28841046,532.99842827,573.47911163,15855915839.909492
2020-12-10,573.50403889,574.60014515,549.78405605,559.67850106,11672582039.82982
2020-12-11,559.67922887,560.37670228,537.8116512,545.79734103,11098819124.362003
2020-12-12,545.57856237,573.33944367,545.24559945,568.56731778,8534557897.350276
2020-12-13,568.60986549,593.78124512,564.56599324,589.6632225,9070377861.783049
2020-12-14,589.78248016,590.49295689,577.11843169,586.01115197,8125837101.541813
2020-12-15,586.02178289,596.24772777,580.62877239,589.35560245,9326645839.951117
2020-12-16,589.37866405,636.6403226,582.03913098,636.18184867,15817248372.944794
2020-12-17,636.15415504,673.83423223,628.74940968,642.86896702,25479532147.20316
2020-12-18,642.91702204,662.69911928,632.35607476,654.81192689,15756303982.872536
2020-12-19,654.62422918,668.76956219,646.61623951,659.29792646,12830893777.763968
2020-12-20,659.18504794,659.92368345,625.01446125,638.29084637,13375855441.559715
2020-12-21,638.31518077,646.84656496,600.8360442,609.81787165,14419493620.66142
2020-12-22,609.42055968,635.07660067,589.55199376,634.85419947,14745890080.163755
2020-12-23,634.82458741,637.12280346,560.36424195,583.71459689,15261413038.262846
2020-12-24,584.13564707,613.81516598,568.59637875,611.60718693,14317413702.733274
2020-12-25,611.55459305,633.0614188,605.42441235,626.41070163,13520927699.527304
2020-12-26,626.49803032,650.721411,617.40207635,635.83583086,14761125202.374443
2020-12-27,635.88715839,711.39355522,628.33495138,682.6423591,26093552820.75143
2020-12-28,683.2058149,745.87776599,683.2058149,730.39736483,24222565862.36153
2020-12-29,730.35868417,737.95290336,692.14943811,731.52011874,18710683199.35822
2020-12-30,731.47284482,754.30323417,720.98887482,751.61897194,17294574209.511234
2020-12-31,751.62664329,754.29943982,726.51190829,737.80339769,13926846860.642897
2021-01-01,737.70837778,749.20185892,719.79225795,730.36756913,13652004358.405218
2021-01-02,730.40267329,786.79845753,718.10951748,774.53496804,19740771179.24148
2021-01-03,774.51186497,1006.56500197,771.56164548,975.50767291,45200463368.20847
2021-01-04,977.05881876,1153.18923155,912.30533777,1040.23304833,56945985762.68821
2021-01-05,1041.49883123,1129.37148825,986.81128264,1100.00609944,41535932781.2677
2021-01-06,1101.0049763,1209.42854775,1064.23335083,1207.11223389,44699914188.32903
2021-01-07,1208.07832547,1282.57959132,1167.4431507,1225.67813488,40468027279.66528
2021-01-08,1225.96789662,1273.82750425,1076.08153577,1224.19714489,44334826666.28763
2021-01-09,1223.74045255,1303.87183285,1182.27042011,1281.07729102,33233105360.8482
2021-01-10,1280.87104275,1347.92612492,1194.71559903,1262.24666381,40616938052.61099
2021-01-11,1261.62296792,1261.62296792,924.92258485,1090.14537315,60733630300.40744
2021-01-12,1088.52668638,1149.24028662,1012.7641325,1043.43458391,37494601691.59652
2021-01-13,1043.74096462,1134.3384897,994.54904335,1130.73940242,30109792795.20572
2021-01-14,1130.23114623,1244.16302773,1093.06074128,1218.45297846,33410915928.964794
2021-01-15,1221.8771498,1250.50582834,1090.72110691,1171.83461074,35972039309.63758
2021-01-16,1171.44306049,1290.0535966,1157.62382501,1233.53756838,32319240157.30916
2021-01-17,1233.45335847,1265.64469299,1174.38858189,1230.17227237,29258032819.26144
2021-01-18,1230.31328543,1259.45012357,1187.31105291,1257.27950247,25817455559.908936
2021-01-19,1257.43454274,1432.30004202,1254.52299253,1377.29584154,47195935190.07628
2021-01-20,1375.24846709,1405.74408751,1243.29997404,1382.27409433,46784030909.22983
2021-01-21,1382.68441742,1382.68441742,1098.47618804,1121.57091957,45932464754.20649
2021-01-22,1118.88906201,1271.68757004,1046.59657946,1236.51220729,43918338506.41113
2021-01-23,1235.26789471,1272.15107388,1200.8933153,1230.99063605,27253895441.493607
2021-01-24,1231.21059279,1395.11130107,1225.27404483,1391.60940757,36418163553.77491
2021-01-25,1390.63987263,1467.78494205,1304.97404441,1324.414778,43565777745.18664
2021-01-26,1323.7416513,1376.08510047,1253.34032479,1357.0581398,41572917750.45789
2021-01-27,1358.33333163,1368.07405925,1215.31125838,1253.18713315,39394416989.543015
2021-01-28,1251.27984357,1356.28872771,1226.17394719,1332.49224455,34637234789.36
2021-01-29,1369.08676789,1428.98120793,1292.24007773,1382.52281244,53611955258.83
2021-01-30,1382.23193922,1402.39976757,1328.52908193,1376.11553895,30616574234.27
2021-01-31,1376.82361688,1378.9160735,1288.50155974,1314.9862286,25198853580.84
2021-02-01,1314.85528255,1373.84580379,1274.35775467,1369.04046855,29210670919.95
2021-02-02,1369.50509478,1542.99094561,1362.7712342,1515.19376962,45437142800.95
2021-02-03,1514.76962317,1660.909542,1510.01027358,1660.909542,41874566399.41
2021-02-04,1661.17021172,1689.18668328,1561.85349322,1594.76269414,44396871835.92
2021-02-05,1594.79333006,1756.51103181,1594.79333006,1718.65087218,40108628453.57
2021-02-06,1717.79754616,1738.31443822,1649.06872914,1677.84684697,39873420647.74
2021-02-07,1677.60566475,1690.03665184,1501.75027529,1614.22782334,39889440150.91
2021-02-08,1613.64226828,1770.59078017,1571.57989969,1746.61684904,48012285955.92
2021-02-09,1746.92613167,1815.96356989,1711.62055635,1768.03501655,44180727528.56
2021-02-10,1768.03974775,1826.69672307,1686.54241781,1744.24343196,41916084617.36
2021-02-11,1743.71418745,1806.53903005,1708.67926011,1783.79795026,36021495261.76
2021-02-12,1783.48917053,1861.35691381,1744.16899818,1843.53258814,37905036865.18
2021-02-13,1843.98675965,1871.60354682,1770.61208607,1814.10985253,35359490534.52
2021-02-14,1814.37231313,1848.15405872,1789.91420653,1805.08404652,31439114899.57
2021-02-15,1804.67678046,1833.83057195,1683.90665476,1779.79097807,38955610883.41
2021-02-16,1778.94560552,1824.51863807,1729.6419259,1781.06747722,34269369268.19
2021-02-17,1781.35009235,1853.66754295,1736.70582293,1848.4582725,35955412703.36
2021-02-18,1848.20628229,1949.90339186,1848.20628229,1937.44925643,28255902968.57
2021-02-19,1938.85988089,1969.54705461,1896.68450767,1960.16474353,26268814252.82
2021-02-20,1959.90297711,2036.28649332,1830.53153486,1919.5340028,34696091102.23
2021-02-21,1918.67314966,1974.25958766,1890.368116,1935.60106022,23626547717.45
2021-02-22,1935.55785359,1936.45378227,1580.62655281,1781.99297558,42409646035.86
2021-02-23,1781.40901762,1781.40901762,1378.84090738,1570.20392529,52029864712.8
2021-02-24,1571.47649661,1710.98379492,1511.01896331,1626.57570543,31329000537.33
2021-02-25,1625.39388181,1670.2240615,1465.05894621,1475.70373513,24481681872.94
2021-02-26,1478.6532703,1559.02889087,1407.97925331,1446.0336503,31435997880.72
2021-02-27,1446.92945497,1524.9324277,1433.78692864,1459.97312093,20742103232.83
