date,open,high,low,close,volume
2017-10-02,54.54690170288086,54.7848014831543,53.257999420166016,53.3759994506836,95474600.0
2017-10-03,53.39039993286133,53.59299850463867,51.58660125732422,52.34960174560547,88516096.0
2017-10-04,52.2843017578125,53.04610061645508,50.83039855957031,51.39950180053711,77473400.0
2017-10-05,51.40140151977539,51.865501403808594,50.44049835205078,51.66949844360352,69594400.0
2017-10-06,51.63600158691406,52.60309982299805,51.53049850463867,52.12009811401367,59355900.0
2017-10-07,52.13750076293945,52.74980163574219,51.63619995117188,52.58399963378906,51786200.0
2017-10-08,52.493499755859375,54.50510025024414,52.25699996948242,53.1426010131836,100841000.0
2017-10-09,53.08250045776367,53.38819885253906,48.47249984741211,50.16400146484375,152366000.0
2017-10-10,50.15420150756836,51.67129898071289,49.8572998046875,50.717098236083984,90415504.0
2017-10-11,50.753299713134766,51.13639831542969,50.31650161743164,50.88750076293945,57390100.0
2017-10-12,50.88669967651367,60.10760116577149,50.87149810791016,60.10760116577149,341368992.0
2017-10-13,60.55189895629883,60.961700439453125,55.84090042114258,59.42890167236328,357124000.0
2017-10-14,59.40560150146485,66.19300079345703,58.60089874267578,63.95019912719727,313105984.0
2017-10-15,64.12660217285156,70.09380340576172,62.54940032958984,65.46739959716797,453940000.0
2017-10-16,65.71829986572266,66.33580017089844,62.69129943847656,64.62190246582031,200428000.0
2017-10-17,64.67320251464844,64.69550323486328,58.85390090942383,59.479000091552734,205363008.0
2017-10-18,59.58689880371094,61.74760055541992,53.793701171875,60.73080062866211,283868992.0
2017-10-19,60.8218002319336,61.29219818115234,58.70849990844727,59.73970031738281,160943008.0
2017-10-20,59.80979919433594,61.88420104980469,58.56340026855469,60.33060073852539,150542000.0
2017-10-21,60.30379867553711,60.52099990844727,56.83409881591797,58.20180130004883,139503008.0
2017-10-22,58.27190017700195,58.65069961547852,56.43790054321289,56.807899475097656,96781400.0
2017-10-23,56.77069854736328,56.77069854736328,52.87239837646485,54.92020034790039,177315008.0
2017-10-24,54.95949935913086,59.10129928588867,53.29449844360352,55.96319961547852,199788992.0
2017-10-25,55.951698303222656,56.5801010131836,54.09400177001953,56.49430084228516,114510000.0
2017-10-26,56.46860122680664,57.14540100097656,55.277099609375,55.73799896240234,81104704.0
2017-10-27,55.673099517822266,56.25400161743164,55.15430068969727,55.332401275634766,78923104.0
2017-10-28,55.3843002319336,56.13180160522461,54.57320022583008,54.69390106201172,71063200.0
2017-10-29,54.6697998046875,57.75199890136719,54.493499755859375,57.10639953613281,138340000.0
2017-10-30,56.8401985168457,58.549598693847656,56.235801696777344,56.39049911499024,129287000.0
2017-10-31,56.3650016784668,56.78710174560547,55.71760177612305,55.75410079956055,99381104.0
2017-11-01,55.740699768066406,55.740699768066406,53.18080139160156,53.18080139160156,112759000.0
2017-11-02,53.559200286865234,55.27750015258789,50.85049819946289,54.737300872802734,221076992.0
2017-11-03,54.57820129394531,56.29209899902344,54.28390121459961,56.181400299072266,150030000.0
2017-11-04,56.21590042114258,56.36880111694336,54.9364013671875,55.037200927734375,83633104.0
2017-11-05,55.02569961547852,55.47679901123047,54.62810134887695,54.74639892578125,84302000.0
2017-11-06,54.75920104980469,56.173099517822266,53.94570159912109,55.17369842529297,133918000.0
2017-11-07,54.987701416015625,63.81050109863281,54.98529815673828,61.29520034790039,402670016.0
2017-11-08,61.11299896240234,64.06500244140625,60.790000915527344,62.57310104370117,349454016.0
2017-11-09,62.48960113525391,66.83830261230469,61.72579956054688,64.26969909667969,279652992.0
2017-11-10,64.43620300292969,65.89640045166016,56.91320037841797,59.260101318359375,291596000.0
2017-11-11,59.348899841308594,63.71160125732422,59.2421989440918,62.30329895019531,272494016.0
2017-11-12,62.309200286865234,62.309200286865234,57.41339874267578,59.005401611328125,322820000.0
2017-11-13,59.17580032348633,62.76440048217773,58.84870147705078,61.39649963378906,237478000.0
2017-11-14,61.64289855957031,63.81240081787109,60.8661003112793,62.67959976196289,174111008.0
2017-11-15,62.77519989013672,65.52469635009766,62.70880126953125,63.82360076904297,194636000.0
2017-11-16,63.80910110473633,72.4791030883789,62.93740081787109,71.0602035522461,418128992.0
2017-11-17,70.44840240478516,71.11840057373047,65.78179931640625,67.56900024414062,350504992.0
2017-11-18,67.40519714355469,69.7656021118164,65.71410369873047,69.6436996459961,174063008.0
2017-11-19,69.51190185546875,72.98079681396484,68.60420227050781,71.58930206298828,243056992.0
2017-11-20,71.41300201416016,72.91840362548828,70.79299926757812,72.25279998779297,188976000.0
2017-11-21,72.1968002319336,72.53450012207031,68.1093978881836,70.0282974243164,231664992.0
2017-11-22,70.18219757080078,71.95099639892578,70.18219757080078,71.8927993774414,157890000.0
2017-11-23,71.97509765625,76.39679718017578,70.90280151367188,73.22339630126953,315247008.0
2017-11-24,73.14189910888672,77.96829986572266,72.81230163574219,77.96829986572266,287392000.0
2017-11-25,77.90869903564453,89.36720275878906,77.52230072021484,88.81690216064453,487896992.0
2017-11-26,88.93930053710938,88.93930053710938,84.01730346679688,85.92680358886719,357456992.0
2017-11-27,85.88970184326172,93.28620147705078,85.88970184326172,91.60269927978516,429591008.0
2017-11-28,91.7239990234375,96.03379821777344,90.3397979736328,96.03379821777344,388931008.0
2017-11-29,96.0124969482422,104.60900115966795,81.76809692382812,85.57099914550781,786819968.0
2017-11-30,86.24669647216797,93.53990173339844,78.07540130615234,88.33070373535156,481948000.0
2017-12-01,88.00350189208984,100.41200256347656,83.73829650878906,99.00370025634766,561342976.0
2017-12-02,98.94149780273438,103.79499816894533,98.31590270996094,100.28399658203124,402553984.0
2017-12-03,100.19499969482422,106.39099884033205,98.10160064697266,101.26300048828124,364022016.0
2017-12-04,101.39600372314452,104.23600006103516,96.53250122070312,104.23600006103516,331151008.0
2017-12-05,104.2770004272461,104.3030014038086,101.83999633789062,102.39700317382812,328726016.0
2017-12-06,102.47799682617188,104.81800079345705,97.314697265625,100.35199737548828,547512000.0
2017-12-07,99.98410034179688,101.34300231933594,92.27169799804688,98.29239654541016,645691008.0
2017-12-08,98.3281021118164,133.07000732421875,95.39600372314452,124.84600067138672,1515559936.0
2017-12-09,127.47899627685548,171.55099487304688,126.58799743652344,155.24200439453125,2436539904.0
2017-12-10,155.6269989013672,155.6269989013672,130.16099548339844,148.66000366210938,1087340032.0
2017-12-11,148.25799560546875,225.28700256347656,147.34100341796875,214.2030029296875,2913979904.0
2017-12-12,212.4640045166016,341.7239990234375,209.6820068359375,316.15899658203125,6961679872.0
2017-12-13,315.36199951171875,341.7950134277344,287.4830017089844,302.6019897460937,3409789952.0
2017-12-14,301.197998046875,311.3190002441406,265.6570129394531,279.3280029296875,2114880000.0
2017-12-15,280.9679870605469,316.406005859375,251.2239990234375,299.77899169921875,2599940096.0
2017-12-16,299.3370056152344,309.9010009765625,290.1340026855469,298.97198486328125,1291379968.0
2017-12-17,301.78399658203125,332.5899963378906,301.78399658203125,318.718994140625,1703580032.0
2017-12-18,318.9530029296875,360.9330139160156,302.0039978027344,358.33599853515625,1966599936.0
2017-12-19,359.125,375.2860107421875,335.67498779296875,350.25299072265625,2150479872.0
2017-12-20,349.60400390625,349.60400390625,308.62701416015625,314.6210021972656,2104060032.0
2017-12-21,314.6600036621094,339.739013671875,299.52899169921875,317.4620056152344,1555939968.0
2017-12-22,319.2569885253906,320.302001953125,187.4770050048828,264.9320068359375,2938040064.0
2017-12-23,269.2669982910156,312.6679992675781,261.6369934082031,288.2659912109375,1352579968.0
2017-12-24,291.00799560546875,291.00799560546875,251.0379943847656,275.9800109863281,1122909952.0
2017-12-25,277.4939880371094,286.7900085449219,269.572998046875,273.3900146484375,804377024.0
2017-12-26,273.1080017089844,289.510986328125,272.2619934082031,286.5039978027344,842993024.0
2017-12-27,286.5889892578125,290.9440002441406,264.4230041503906,272.17401123046875,777137984.0
2017-12-28,272.1260070800781,273.177001953125,231.3769989013672,249.92999267578125,2593240064.0
2017-12-29,250.3520050048828,258.0409851074219,238.3329925537109,245.5019989013672,1392210048.0
2017-12-30,245.0870056152344,245.43299865722656,208.197006225586,218.96299743652344,943667008.0
2017-12-31,216.9750061035156,237.7910003662109,213.81100463867188,232.0959930419922,771041984.0
2018-01-01,231.6660003662109,236.63400268554688,222.2030029296875,229.0330047607422,633142016.0
2018-01-02,228.9900054931641,263.625,228.9900054931641,255.6840057373047,1237949952.0
2018-01-03,255.69500732421875,260.74200439453125,243.134994506836,245.3679962158203,3215280128.0
2018-01-04,245.4750061035156,245.4750061035156,227.01300048828125,241.3699951171875,3481550080.0
2018-01-05,241.03399658203125,256.14801025390625,237.8800048828125,249.27099609375,1710599936.0
2018-01-06,249.7680053710937,323.114990234375,249.4149932861328,296.4540100097656,2264740096.0
2018-01-07,296.0530090332031,305.5270080566406,281.927001953125,288.45098876953125,1055400000.0
2018-01-08,287.7250061035156,289.0690002441406,237.6649932861328,255.76300048828125,1182080000.0
2018-01-09,254.6060028076172,258.50299072265625,240.1840057373047,247.03700256347656,940825024.0
2018-01-10,248.072998046875,251.0540008544922,233.85899353027344,250.5180053710937,1009910016.0
2018-01-11,251.52200317382807,255.04800415039065,223.0030059814453,229.36599731445312,1079389952.0
2018-01-12,229.78700256347656,243.5919952392578,224.8209991455078,236.8560028076172,691160000.0
2018-01-13,236.8820037841797,263.19500732421875,236.8820037841797,259.1929931640625,961043008.0
2018-01-14,260.5790100097656,270.8519897460937,234.27200317382807,238.6750030517578,886414976.0
2018-01-15,237.2890014648437,245.0039978027344,232.7740020751953,232.7740020751953,601769984.0
2018-01-16,232.81700134277344,232.81700134277344,152.29299926757812,188.3309936523437,1405069952.0
2018-01-17,190.1450042724609,197.7899932861328,141.0070037841797,186.51600646972656,1422489984.0
2018-01-18,186.94900512695312,207.01600646972656,176.8300018310547,192.8370056152344,936784000.0
2018-01-19,191.19200134277344,202.0749969482422,186.93800354003903,192.9640045166016,560284032.0
2018-01-20,194.3780059814453,214.58799743652344,194.3780059814453,211.0180053710937,540785984.0
2018-01-21,211.2350006103516,211.2350006103516,184.6360015869141,190.42100524902344,463516000.0
2018-01-22,191.7899932861328,195.2460021972656,166.88299560546875,180.00799560546875,494091008.0
2018-01-23,180.2790069580078,186.30599975585932,165.7259979248047,177.8070068359375,441764992.0
2018-01-24,178.4250030517578,186.2790069580078,173.718994140625,179.98699951171875,375948992.0
2018-01-25,181.56300354003903,185.42300415039065,176.3489990234375,180.27200317382807,363137984.0
2018-01-26,179.81900024414062,182.8919982910156,167.08399963378906,176.73399353027344,375476992.0
2018-01-27,176.66099548339844,183.1540069580078,174.87899780273438,180.8860015869141,291632992.0
2018-01-28,181.42100524902344,194.6790008544922,181.42100524902344,193.8650054931641,363515008.0
2018-01-29,193.75100708007807,194.3860015869141,179.23199462890625,181.6640014648437,303560992.0
2018-01-30,181.44500732421875,181.5180053710937,163.03399658203125,165.2760009765625,433227008.0
2018-01-31,165.29600524902344,167.0679931640625,157.64500427246094,163.3509979248047,363292992.0
2018-02-01,163.6820068359375,165.81399536132812,131.54800415039062,142.2969970703125,539880000.0
2018-02-02,142.56199645996094,142.56199645996094,105.34600067138672,131.37899780273438,815539968.0
2018-02-03,131.4010009765625,165.55499267578125,121.16600036621094,160.25,687676032.0
2018-02-04,160.38099670410156,173.79600524902344,139.69400024414062,148.02499389648438,1006080000.0
2018-02-05,148.7270050048828,153.5240020751953,118.14700317382812,125.33000183105467,844678016.0
2018-02-06,127.52100372314452,146.11399841308594,106.94400024414062,142.99099731445312,1148409984.0
2018-02-07,142.48199462890625,157.8979949951172,131.5240020751953,138.2030029296875,817808000.0
2018-02-08,138.33599853515625,151.08099365234375,138.33599853515625,149.46600341796875,869206976.0
2018-02-09,149.72999572753906,163.97999572753906,142.58599853515625,163.9499969482422,722204992.0
2018-02-10,163.48800659179688,169.32899475097656,149.1439971923828,155.59300231933594,576328000.0
2018-02-11,155.39199829101562,155.7310028076172,142.61099243164062,148.99000549316406,495720000.0
2018-02-12,150.10400390625,163.34800720214844,150.10400390625,161.5659942626953,535710016.0
2018-02-13,161.77499389648438,162.37399291992188,153.51100158691406,159.5540008544922,483468000.0
2018-02-14,159.57899475097656,218.2310028076172,159.57899475097656,213.35899353027344,2383340032.0
2018-02-15,212.3470001220703,237.8769989013672,211.1739959716797,225.42599487304688,2087289984.0
2018-02-16,225.5,236.08799743652344,212.32899475097656,230.12399291992188,1300089984.0
2018-02-17,229.5019989013672,233.4510040283203,225.60299682617188,229.46499633789065,863401024.0
2018-02-18,230.50900268554688,232.6439971923828,214.4579925537109,215.73599243164065,1011120000.0
2018-02-19,215.4149932861328,226.9669952392578,215.3769989013672,223.0570068359375,767596992.0
2018-02-20,223.0870056152344,253.8979949951172,222.5070037841797,232.8509979248047,1739670016.0
2018-02-21,230.947998046875,235.41000366210932,208.9250030517578,213.3520050048828,1195820032.0
2018-02-22,212.84100341796875,222.7680053710937,191.8099975585937,195.30799865722656,974379008.0
2018-02-23,194.1929931640625,216.1320037841797,184.07000732421875,209.3090057373047,1065680000.0
2018-02-24,210.63699340820312,220.3070068359375,197.88400268554688,209.4219970703125,937312000.0
2018-02-25,208.1320037841797,225.5489959716797,202.3650054931641,220.4750061035156,1028590016.0
2018-02-26,222.13800048828125,234.41700744628903,218.73599243164065,220.9620056152344,1297080064.0
2018-02-27,221.7100067138672,224.20899963378903,215.84100341796875,216.5989990234375,856454016.0
2018-02-28,217.2790069580078,223.509994506836,202.7059936523437,202.8950042724609,761321984.0
2018-03-01,203.11900329589844,214.697998046875,201.54200744628903,209.75,678542016.0
2018-03-02,209.55499267578125,213.1289978027344,204.8800048828125,212.55599975585932,627142016.0
2018-03-03,213.83799743652344,217.76300048828125,209.53700256347656,210.6430053710937,681865984.0
2018-03-04,210.23599243164065,214.1199951171875,205.363998413086,213.7989959716797,574675008.0
2018-03-05,213.7400054931641,215.97799682617188,209.24899291992188,211.1750030517578,594828992.0
2018-03-06,210.51300048828125,210.51300048828125,193.1569976806641,196.6009979248047,661078016.0
2018-03-07,196.8260040283203,199.2749938964844,175.64700317382812,185.8390045166016,755924992.0
2018-03-08,185.697998046875,188.14700317382807,176.1739959716797,176.51100158691406,612508992.0
2018-03-09,176.4810028076172,189.9149932861328,160.42599487304688,187.16799926757807,943363968.0
2018-03-10,188.11300659179688,194.6479949951172,176.53599548339844,177.73199462890625,625808000.0
2018-03-11,177.51300048828125,193.4770050048828,172.47000122070312,188.9459991455078,669377984.0
2018-03-12,189.01600646972656,193.33999633789065,175.875,178.23399353027344,567628992.0
2018-03-13,177.5970001220703,181.8699951171875,172.2570037841797,175.78199768066406,468094016.0
2018-03-14,175.93699645996094,177.5469970703125,158.6300048828125,161.1009979248047,480652992.0
2018-03-15,161.20199584960938,167.33200073242188,151.47900390625,164.4759979248047,564609024.0
2018-03-16,164.81700134277344,171.25799560546875,158.99099731445312,165.4499969482422,436628000.0
2018-03-17,165.18800354003906,165.21800231933594,151.05799865722656,152.968994140625,403808992.0
2018-03-18,152.53700256347656,156.1540069580078,138.01800537109375,154.07400512695312,595955008.0
2018-03-19,155.47500610351562,163.0489959716797,151.66299438476562,161.14199829101562,504832992.0
2018-03-20,161.52099609375,173.3000030517578,156.81500244140625,168.81700134277344,492892000.0
2018-03-21,169.5570068359375,175.26100158691406,166.61500549316406,169.052001953125,462536000.0
2018-03-22,168.72300720214844,172.30599975585938,161.11300659179688,163.6719970703125,404996992.0
2018-03-23,163.57699584960938,167.83200073242188,157.26300048828125,167.83200073242188,348056000.0
2018-03-24,168.53399658203125,168.6529998779297,159.63099670410156,159.63099670410156,290270016.0
2018-03-25,158.86399841308594,162.7209930419922,157.52000427246094,160.08399963378906,241431008.0
2018-03-26,160.1649932861328,160.99400329589844,143.1230010986328,149.2209930419922,407135008.0
2018-03-27,148.96099853515625,149.62100219726562,135.7790069580078,135.7790069580078,385104000.0
2018-03-28,135.49000549316406,140.125,131.03399658203125,131.7469940185547,328374016.0
2018-03-29,131.9250030517578,132.61000061035156,113.93399810791016,114.6790008544922,476804000.0
2018-03-30,114.8040008544922,124.9020004272461,110.25700378417967,118.5979995727539,468439008.0
2018-03-31,118.63700103759766,123.87200164794922,116.18399810791016,116.60700225830078,295439008.0
2018-04-01,116.90499877929688,117.83300018310548,110.52300262451172,115.22200012207033,274182016.0
2018-04-02,115.23699951171876,121.41600036621094,114.71900177001952,119.30599975585938,271703008.0
2018-04-03,119.50900268554688,136.44700622558594,118.58399963378906,134.47000122070312,375408992.0
2018-04-04,133.9080047607422,134.61000061035156,116.58300018310548,118.41200256347656,380351008.0
2018-04-05,118.20899963378906,121.28700256347656,114.46800231933594,119.13099670410156,294022016.0
2018-04-06,118.81500244140624,119.93399810791016,112.78700256347656,113.15499877929688,233190000.0
2018-04-07,113.13500213623048,119.37999725341795,113.09500122070312,116.26000213623048,211470000.0
2018-04-08,116.29100036621094,118.5500030517578,115.9469985961914,117.6709976196289,194664000.0
2018-04-09,117.78299713134766,122.4260025024414,113.3249969482422,114.98999786376952,260171008.0
2018-04-10,115.21299743652344,115.4000015258789,112.51799774169922,114.26300048828124,202879008.0
2018-04-11,114.28900146484376,119.09400177001952,113.33000183105467,118.29100036621094,230068992.0
2018-04-12,118.29199981689452,129.3350067138672,113.5510025024414,129.3350067138672,587510976.0
2018-04-13,129.2740020751953,133.0399932861328,124.05599975585938,125.35399627685548,458040000.0
2018-04-14,125.2239990234375,129.33900451660156,124.76699829101562,126.29399871826172,258806000.0
2018-04-15,126.66899871826172,132.0449981689453,126.66899871826172,132.0449981689453,274427008.0
2018-04-16,131.96800231933594,132.62600708007812,125.23799896240234,128.3350067138672,290855008.0
2018-04-17,128.7100067138672,139.6529998779297,128.7100067138672,132.92799377441406,532336000.0
2018-04-18,132.3769989013672,140.85299682617188,132.3769989013672,139.9969940185547,381161984.0
2018-04-19,140.04100036621094,146.86700439453125,138.95799255371094,146.3000030517578,408736000.0
2018-04-20,146.50100708007812,155.7239990234375,143.843994140625,155.53700256347656,491945984.0
2018-04-21,155.68499755859375,156.61000061035156,142.17799377441406,148.9340057373047,482924000.0
2018-04-22,148.60800170898438,152.22999572753906,145.31399536132812,146.7740020751953,338735008.0
2018-04-23,146.6719970703125,152.76800537109375,146.6699981689453,152.2519989013672,376060000.0
2018-04-24,152.5749969482422,165.9429931640625,152.5749969482422,165.781005859375,643558016.0
2018-04-25,165.08700561523438,165.08700561523438,142.59300231933594,144.76400756835938,613467008.0
2018-04-26,144.69900512695312,153.822998046875,142.64300537109375,153.6790008544922,412436992.0
2018-04-27,153.44400024414062,153.61900329589844,145.90499877929688,145.90499877929688,386742016.0
2018-04-28,145.74200439453125,153.3260040283203,145.74200439453125,152.29600524902344,337116992.0
2018-04-29,152.1649932861328,155.62100219726562,148.89700317382812,153.63099670410156,388081984.0
2018-04-30,153.64700317382812,154.08099365234375,147.87100219726562,148.4770050048828,341396992.0
2018-05-01,148.343994140625,148.5449981689453,143.93899536132812,148.48800659179688,342152000.0
2018-05-02,148.44500732421875,152.88699340820312,146.98399353027344,151.57699584960938,354656992.0
2018-05-03,151.85899353027344,163.9969940185547,151.01199340820312,161.45899963378906,617984000.0
2018-05-04,160.468994140625,170.3780059814453,157.93699645996094,168.78799438476562,633054976.0
2018-05-05,168.35000610351562,181.6280059814453,168.35000610351562,177.76199340820312,741246016.0
2018-05-06,178.02099609375,182.88299560546875,166.1750030517578,171.8000030517578,626270016.0
2018-05-07,171.75900268554688,171.91700744628906,158.92999267578125,164.87899780273438,573281024.0
2018-05-08,164.8300018310547,167.9810028076172,158.1580047607422,159.61700439453125,466308992.0
2018-05-09,159.61700439453125,159.61700439453125,152.59800720214844,157.05499267578125,448136000.0
2018-05-10,157.1510009765625,160.33599853515625,149.33700561523438,149.86900329589844,426694016.0
2018-05-11,149.44500732421875,149.44500732421875,134.7259979248047,137.11700439453125,530416000.0
2018-05-12,137.2570037841797,144.41900634765625,132.58799743652344,141.8820037841797,410184992.0
2018-05-13,141.79800415039062,147.24600219726562,137.65499877929688,144.58799743652344,383224000.0
2018-05-14,144.62399291992188,152.15499877929688,136.07200622558594,147.71400451660156,584222016.0
2018-05-15,147.48800659179688,149.38299560546875,138.57000732421875,139.8800048828125,415984992.0
2018-05-16,139.64999389648438,140.6510009765625,135.27699279785156,139.26800537109375,351689984.0
2018-05-17,139.5590057373047,141.16600036621094,131.95199584960938,132.7729949951172,320248992.0
2018-05-18,132.70399475097656,137.05499267578125,129.7030029296875,136.0570068359375,371688000.0
2018-05-19,135.96499633789062,137.50100708007812,133.87100219726562,135.32000732421875,310963008.0
2018-05-20,135.27200317382812,140.31500244140625,133.79400634765625,139.697998046875,324983008.0
2018-05-21,139.6439971923828,139.6439971923828,133.9340057373047,134.50900268554688,308376992.0
2018-05-22,134.25999450683594,135.60499572753906,128.33200073242188,128.67599487304688,294447008.0
2018-05-23,128.80799865722656,129.33200073242188,117.3499984741211,119.31400299072266,373329984.0
2018-05-24,119.19499969482422,124.37100219726562,115.88999938964844,122.61299896240234,345857984.0
2018-05-25,122.55899810791016,124.2020034790039,117.8209991455078,119.44200134277344,297743008.0
2018-05-26,119.3499984741211,122.2509994506836,117.86799621582033,118.2770004272461,275851008.0
2018-05-27,118.50399780273438,118.8479995727539,116.98600006103516,117.99199676513672,258727008.0
2018-05-28,117.93000030517578,119.08300018310548,111.47599792480467,111.5979995727539,295723008.0
2018-05-29,111.84400177001952,121.96299743652344,110.90299987792967,119.56800079345705,350520000.0
2018-05-30,119.54000091552734,122.3759994506836,116.01699829101562,117.53299713134766,305275008.0
2018-05-31,117.31800079345705,120.59400177001952,116.63800048828124,118.0739974975586,297183008.0
2018-06-01,118.02799987792967,120.1959991455078,117.11599731445312,119.91500091552734,290886016.0
2018-06-02,119.8280029296875,123.8939971923828,118.95500183105467,123.30699920654295,310800000.0
2018-06-03,123.28500366210938,127.36799621582033,122.36599731445312,125.5,322787008.0
2018-06-04,125.21099853515624,126.32599639892578,118.72799682617188,119.90299987792967,299780992.0
2018-06-05,119.89600372314452,122.00599670410156,116.44200134277344,121.70099639892578,300892000.0
2018-06-06,121.88800048828124,122.13800048828124,118.55599975585938,121.18299865722656,324158016.0
2018-06-07,121.33899688720705,123.1780014038086,119.62100219726562,121.4260025024414,365670016.0
2018-06-08,121.51599884033205,121.9459991455078,118.70500183105467,120.08399963378906,285831008.0
2018-06-09,120.10800170898438,121.0250015258789,117.74099731445312,117.74099731445312,242235008.0
2018-06-10,117.56199645996094,117.56199645996094,104.08200073242188,107.04399871826172,399889984.0
2018-06-11,106.54100036621094,108.84700012207033,104.1240005493164,107.51599884033205,331430016.0
2018-06-12,107.4280014038086,108.05799865722656,99.37460327148438,100.7519989013672,333163008.0
2018-06-13,100.79900360107422,100.947998046875,91.28849792480467,94.07559967041016,360492992.0
2018-06-14,93.9936981201172,102.41699981689452,93.61160278320312,101.15399932861328,367742016.0
2018-06-15,101.11499786376952,101.11499786376952,95.59950256347656,96.6760025024414,293284992.0
2018-06-16,96.57839965820312,98.34639739990234,93.97059631347656,97.5770034790039,259324992.0
2018-06-17,97.71759796142578,98.6572036743164,95.53299713134766,96.10260009765624,242331008.0
2018-06-18,95.77349853515624,99.81340026855467,93.91000366210938,98.81900024414062,282937984.0
2018-06-19,98.72730255126952,100.81999969482422,97.39830017089844,98.83769989013672,284982016.0
2018-06-20,98.956298828125,99.20459747314452,95.96710205078124,97.99349975585938,261392000.0
2018-06-21,97.8812026977539,98.86949920654295,96.36489868164062,96.92549896240234,261544000.0
2018-06-22,96.94110107421876,97.12370300292967,81.3958969116211,85.07589721679688,458636992.0
2018-06-23,85.09300231933594,86.36119842529297,81.64299774169922,82.60369873046875,439203008.0
2018-06-24,82.73909759521484,83.38860321044922,74.28810119628906,80.777099609375,449884992.0
2018-06-25,80.3666000366211,86.0728988647461,79.02050018310547,81.8333969116211,458366016.0
2018-06-26,81.81520080566406,82.497802734375,76.85369873046875,76.86669921875,258432992.0
2018-06-27,76.93199920654297,81.33930206298828,75.86299896240234,80.65969848632812,274128000.0
2018-06-28,80.62570190429688,81.03910064697266,74.43920135498047,74.92980194091797,263414000.0
2018-06-29,74.80889892578125,80.17849731445312,73.17269897460938,78.7688980102539,309339008.0
2018-06-30,78.94660186767578,83.24430084228516,78.94660186767578,81.3740005493164,276550016.0
2018-07-01,81.50399780273438,81.60749816894531,78.36109924316406,80.2428970336914,343401984.0
2018-07-02,80.2677001953125,86.2708969116211,78.68820190429688,85.2571029663086,302471008.0
2018-07-03,85.38780212402344,89.27680206298828,84.73490142822266,85.10130310058594,343900992.0
2018-07-04,85.17279815673828,89.11620330810547,84.02140045166016,85.49400329589844,282222016.0
2018-07-05,85.6531982421875,86.67050170898438,82.54190063476562,83.76000213623047,306121984.0
2018-07-06,83.8373031616211,84.59649658203125,81.32140350341797,83.37809753417969,253160000.0
2018-07-07,83.404296875,86.20189666748047,80.7020034790039,86.20189666748047,238936992.0
2018-07-08,86.26229858398438,86.6781005859375,82.18199920654297,82.39600372314453,239655008.0
2018-07-09,82.54409790039062,83.25779724121094,80.74800109863281,80.85759735107422,263326000.0
2018-07-10,80.78230285644531,80.88269805908203,75.38349914550781,76.08350372314453,321614016.0
2018-07-11,76.12989807128906,80.7968978881836,76.07430267333984,78.69989776611328,284915008.0
2018-07-12,78.59410095214844,78.59410095214844,75.31060028076172,76.80860137939453,267396992.0
2018-07-13,77.29209899902344,78.43460083007812,76.10759735107422,76.94249725341797,256038000.0
2018-07-14,76.97329711914062,77.54180145263672,76.17849731445312,76.72239685058594,197776000.0
2018-07-15,76.70459747314453,79.64920043945312,76.0155029296875,78.93900299072266,230467008.0
2018-07-16,78.95960235595703,84.59590148925781,78.21479797363281,84.59590148925781,307904000.0
2018-07-17,84.30149841308594,90.30970001220705,82.99949645996094,89.80609893798828,341836000.0
2018-07-18,89.82150268554688,93.64990234375,86.02780151367188,86.96209716796875,375428992.0
2018-07-19,86.89820098876953,88.82939910888672,85.78849792480469,86.6677017211914,307785984.0
2018-07-20,86.68199920654297,86.68199920654297,82.42109680175781,82.75460052490234,287448000.0
2018-07-21,82.6583023071289,85.24500274658203,80.67120361328125,84.46389770507812,246152992.0
2018-07-22,84.2645034790039,84.63050079345703,82.87190246582031,83.15619659423828,245916992.0
2018-07-23,83.23149871826172,86.05460357666016,82.31410217285156,82.43319702148438,296071008.0
2018-07-24,82.68299865722656,89.28520202636719,81.93199920654297,89.28520202636719,440572992.0
2018-07-25,88.6572036743164,89.92240142822266,85.41130065917969,86.28170013427734,310156992.0
2018-07-26,86.2771987915039,88.02220153808594,83.1865005493164,84.02749633789062,286579008.0
2018-07-27,83.7300033569336,85.21829986572266,82.04399871826172,84.4636001586914,358798016.0
2018-07-28,84.53690338134766,84.62809753417969,82.83110046386719,83.6240005493164,279804992.0
2018-07-29,84.0541000366211,85.20709991455078,83.38459777832031,84.08409881591797,276696000.0
2018-07-30,84.154,84.7129,80.6004,82.8499,313998000.0
2018-07-31,82.6893,82.9395,76.8104,79.7023,319362000.0
2018-08-01,80.3908,80.7335,76.4015,77.8556,301530000.0
2018-08-02,77.7142,78.538,75.6147,76.1388,285466000.0
2018-08-03,76.3018,77.5664,74.4656,77.5355,298295000.0
2018-08-04,77.4223,77.8229,72.763,73.1987,262765000.0
2018-08-05,73.3791,75.0011,72.6896,74.5894,265627000.0
2018-08-06,75.0616,76.5859,72.7903,73.8883,265134000.0
2018-08-07,74.0031,75.2278,68.1278,68.1703,299418000.0
2018-08-08,68.1628,68.1628,62.1383,62.4904,313187000.0
2018-08-09,62.473,65.5774,61.2962,63.9808,270095000.0
2018-08-10,63.975,64.9301,58.8631,59.394,259781000.0
2018-08-11,59.4876,59.7987,55.6727,58.3591,259948000.0
2018-08-12,58.2175,61.7058,57.9567,59.3281,276383000.0
2018-08-13,59.4837,60.5978,56.306,56.8482,223061000.0
2018-08-14,57.0048,57.0536,51.1585,54.5594,250440000.0
2018-08-15,54.679,58.9479,54.3005,54.5004,282699000.0
2018-08-16,54.536,57.427,54.5105,55.3619,211779000.0
2018-08-17,55.3294,61.5144,55.193,61.5144,263383000.0
2018-08-18,61.5568,62.034,55.8029,57.2757,243057000.0
2018-08-19,57.2227,58.7418,56.5433,57.939,204484000.0
2018-08-20,57.9084,58.5512,53.9784,53.9962,244192000.0
2018-08-21,53.7716,56.7979,53.7716,56.3502,187486000.0
2018-08-22,56.6591,59.0114,54.3784,55.3186,228893000.0
2018-08-23,55.1937,57.8091,54.3935,57.5434,205125000.0
2018-08-24,57.6042,58.2782,55.9536,57.9298,194676000.0
2018-08-25,57.9236,58.2146,57.365,57.9079,187571000.0
2018-08-26,58.0516,58.1054,56.2384,57.3341,206572000.0
2018-08-27,57.2593,60.4244,56.9279,60.2499,228072000.0
2018-08-28,60.226,63.3972,59.623,63.0244,246764000.0
2018-08-29,63.0292,63.3897,60.7385,61.7672,220637000.0
2018-08-30,61.7656,62.0346,58.9192,60.3152,219094000.0
2018-08-31,60.4228,62.2549,59.3249,61.9255,265252000.0
2018-09-01,61.7388,67.2507,61.7388,65.951,306586000.0
2018-09-02,65.9848,66.9014,64.3298,65.6494,265104000.0
2018-09-03,65.8176,66.1985,64.3216,65.3732,235034000.0
2018-09-04,65.3199,68.9772,65.2276,67.7099,308206000.0
2018-09-05,67.6679,68.1188,58.4377,58.4377,409226000.0
2018-09-06,58.321,58.321,54.9096,57.4862,351270000.0
2018-09-07,57.3422,58.1166,55.5117,56.1978,229626000.0
2018-09-08,56.1267,57.6063,52.5842,53.2446,223684000.0
2018-09-09,53.2747,56.3998,52.7172,54.9242,253320000.0
2018-09-10,54.9937,56.0653,53.4962,54.5958,251240000.0
2018-09-11,54.6068,54.7848,51.0758,52.3673,272379000.0
2018-09-12,52.389,52.4117,47.6675,51.6566,290357000.0
2018-09-13,51.8833,55.0492,51.7603,54.5364,295074000.0
2018-09-14,54.6476,58.4391,53.316,56.5765,336190000.0
2018-09-15,56.3369,58.4008,56.1753,56.7131,252020000.0
2018-09-16,56.581,57.3681,55.0589,56.9727,253978000.0
2018-09-17,57.0201,57.7501,51.8496,52.5405,261325000.0
2018-09-18,52.2938,55.1008,50.9995,54.0972,296552000.0
2018-09-19,54.0175,54.923,52.2556,54.3345,271642000.0
2018-09-20,54.3728,57.1537,53.6398,56.6344,260631000.0
2018-09-21,56.7827,62.0571,56.4623,60.7228,398550000.0
2018-09-22,60.8146,61.7087,57.7447,60.4366,298424000.0
2018-09-23,60.5483,63.187,59.9951,61.3664,304888000.0
2018-09-24,61.3393,61.3393,57.3048,57.9691,296366000.0
2018-09-25,58.021,58.1476,54.7376,57.5376,351579000.0
2018-09-26,57.4492,59.6201,56.7017,57.3955,294136000.0
2018-09-27,57.45,64.295,56.9239,62.9794,574277000.0
2018-09-28,63.1715,64.4226,60.8079,61.8951,459862000.0
2018-09-29,61.6435,62.0253,59.4916,61.6069,356028000.0
2018-09-30,61.6253,62.3885,60.1497,61.1419,463002000.0
2018-10-01,61.0986,61.7297,59.74,60.2081,456583000.0
2018-10-02,60.3012,61.2522,59.4107,59.7054,444830000.0
2018-10-03,59.5755,59.5755,57.0766,57.4775,452464000.0
2018-10-04,57.5215,59.049,57.4449,58.2795,343602000.0
2018-10-05,58.3315,59.1272,57.6737,58.7662,371790000.0
2018-10-06,58.8757,58.9198,57.2666,57.8441,375900000.0
2018-10-07,57.9349,58.3644,57.2082,58.1603,435270000.0
2018-10-08,58.2318,59.8244,57.482,59.4126,347408000.0
2018-10-09,59.4454,59.5291,58.2118,58.7133,318545000.0
2018-10-10,58.6641,58.6641,57.4257,57.9818,358009000.0
2018-10-11,57.9764,57.9764,50.9912,51.233,343098000.0
2018-10-12,50.8746,53.8215,50.8746,53.5517,280891000.0
2018-10-13,53.4561,54.2776,53.2142,53.4518,237333000.0
2018-10-14,53.5092,53.8386,52.0323,52.1874,242221000.0
2018-10-15,52.1738,57.462,51.9149,54.8796,431765000.0
2018-10-16,54.9651,55.4817,53.6737,54.0682,281917000.0
2018-10-17,54.2649,54.2649,53.0853,53.6721,295022000.0
2018-10-18,53.7169,53.9867,52.1291,52.5269,296411000.0
2018-10-19,52.5523,53.6,52.2375,53.0201,272130000.0
2018-10-20,53.067,53.4618,52.7967,53.3628,258418000.0
2018-10-21,53.4347,53.7731,52.7127,52.9158,273510000.0
2018-10-22,52.7846,53.1142,52.0128,52.2039,263337000.0
2018-10-23,52.237,52.8735,51.9402,52.5413,278025000.0
2018-10-24,52.4565,53.008,52.2865,52.515,291042000.0
2018-10-25,52.4881,52.5101,52.0601,52.2346,241117000.0
2018-10-26,52.2196,52.4834,51.7317,52.0989,292908000.0
2018-10-27,52.1278,52.3606,51.7748,51.932,312308000.0
2018-10-28,52.0523,52.1722,51.4847,51.9375,335237000.0
2018-10-29,51.8327,52.0302,48.6542,49.0714,373076000.0
2018-10-30,48.9965,49.4772,48.7885,49.2391,295448000.0
2018-10-31,49.3378,49.9405,48.3214,49.4415,410734000.0
2018-11-01,49.5623,51.0278,49.4162,50.2719,321492000.0
2018-11-02,50.3395,51.6598,50.3154,51.3307,362726000.0
2018-11-03,51.2976,51.361,50.7608,50.9734,325128000.0
2018-11-04,50.9862,55.1367,50.8157,53.6125,441533000.0
2018-11-05,53.5933,54.7081,53.1115,53.5463,398133000.0
2018-11-06,53.7025,55.9451,53.4829,55.9451,371534000.0
2018-11-07,56.044,56.1571,53.7069,54.1889,385412000.0
2018-11-08,54.1924,54.4629,52.3729,52.3734,351857000.0
2018-11-09,52.3647,52.7243,51.6702,51.896,386711000.0
2018-11-10,51.9268,52.6985,51.8442,52.4018,322713000.0
2018-11-11,52.3189,52.4701,50.2485,51.3649,410262000.0
2018-11-12,51.4771,51.6813,50.4693,50.6482,388194000.0
2018-11-13,50.6349,50.9675,49.261,49.6966,356433000.0
2018-11-14,49.5789,50.2992,41.9436,43.6108,604639000.0
2018-11-15,43.7277,44.242,40.7775,43.9483,588718000.0
2018-11-16,43.9611,43.9611,42.0866,42.4589,411507000.0
2018-11-17,42.4888,42.4888,41.6629,41.9289,330818000.0
2018-11-18,42.0882,42.9795,42.0064,42.3279,352001000.0
2018-11-19,42.3394,42.3394,35.9695,36.6411,571241000.0
2018-11-20,36.5725,37.9108,31.4067,33.0442,619356000.0
2018-11-21,33.0652,34.6706,31.8926,34.6706,504001000.0
2018-11-22,34.6928,34.8995,32.1951,32.1951,468218000.0
2018-11-23,32.0222,33.025,31.1353,32.1597,462932000.0
2018-11-24,32.2597,33.1467,28.764,29.2177,396969000.0
2018-11-25,29.2268,31.9141,27.0727,30.8922,573938000.0
2018-11-26,30.8687,32.1132,28.3832,29.411,528902000.0
2018-11-27,29.4096,31.3492,28.8193,31.0688,486621000.0
2018-11-28,31.1169,35.9783,30.9712,34.6266,573550000.0
2018-11-29,34.71944046020508,35.5384957906,33.2230184176,33.7974470501,476701013.294985
2018-11-30,33.7991774357,34.2525896259,31.4325209741,32.064762816,431153649.079434
2018-12-01,32.1305958002,35.1548492463,31.5052555043,34.3407361247,428286156.550239
2018-12-02,34.2624077052,35.1378618141,33.432608655,33.7131504014,407318732.099673
2018-12-03,33.8102932438,33.8102932438,30.4941587317,31.0728012801,431873523.751033
2018-12-04,31.0055770105,32.1498776903,30.3936756597,31.186124121,398521609.618204
2018-12-05,31.2158514403,31.3865690055,29.2772342354,29.2952391188,392132739.522863
2018-12-06,29.2489857015,30.408762533,26.9187702136,26.9436599533,451241301.327356
2018-12-07,26.9079452474,26.9079452474,22.9977059055,25.27258518,519622321.009999
2018-12-08,25.1284571855,26.6277395509,23.6268993072,24.864018022,504751039.760069
2018-12-09,24.803593557,26.9132705292,24.803593557,25.9470229826,471979151.745712
2018-12-10,25.9116860388,26.1258342957,24.5025515069,24.6177997917,423653342.529189
2018-12-11,24.6004897914,24.9520854182,23.5101358121,23.8023843229,386533569.230734
2018-12-12,23.7959356044,25.2505637788,23.7108403593,24.4938298887,367818942.598412
2018-12-13,24.5306562988,24.6596838549,23.6075733156,23.6688622197,328942982.998451
2018-12-14,23.6464805919,23.7544599499,22.8247808555,23.4643296358,318851819.820789
2018-12-15,23.4628806619,24.1162741436,23.3409480817,23.7824235188,291476162.313053
2018-12-16,23.7879893662,26.7252335784,23.7770251367,25.5972102848,424549776.153537
2018-12-17,25.6827810409,30.4037382893,25.6827810409,29.2688895996,613385968.931534
2018-12-18,29.2665069222,30.1421559936,28.2533745003,30.1421559936,492064385.842032
2018-12-19,30.327751433,31.7693411259,29.4495000944,29.6827863047,505439991.656022
2018-12-20,29.6040431849,33.2581556237,29.4104477938,32.8168731147,796645102.841487
2018-12-21,32.7326339739,34.2833963112,30.2968953168,30.7966175478,546504525.947854
2018-12-22,30.8266213579,31.8559116744,30.3340743953,31.8559116744,419546205.163077
2018-12-23,31.9921671111,34.1470122834,31.8022823255,33.4596745498,554317219.299127
2018-12-24,33.4735841607,36.5583139282,33.1966670019,33.1966670019,535897386.511421
2018-12-25,33.4015960993,33.4015960993,30.4522735774,31.1343275086,508836252.957082
2018-12-26,31.0934631359,32.2048769605,29.7460264677,30.9859004752,464721770.076756
2018-12-27,30.962173491,31.3632194888,28.131933367,28.294507801,442100050.64453
2018-12-28,28.3005991105,33.3598347884,28.3005991105,32.5108301538,486919644.693397
2018-12-29,32.5584253431,33.3386532018,31.5205405326,31.5650017506,390868406.220352
2018-12-30,31.4231419411,32.3780960986,31.1678820262,31.9765157969,405650439.747866
2018-12-31,31.9772334702,32.000603779,30.1643222122,30.4682232337,367746437.337979
2019-01-01,30.4583932884,32.0975817393,30.2642800118,31.9799304433,379429124.113786
2019-01-02,32.0212289635,33.7933240273,31.7659737801,33.4336823045,414331917.881844
2019-01-03,33.3535738942,33.4207039648,31.5924795829,32.0266994981,345068248.590976
2019-01-04,32.0165254828,33.023349671,31.4375584148,32.4041682153,391010579.3498
2019-01-05,32.3455471018,36.1434413069,32.3447951831,34.9368661092,640607603.355792
2019-01-06,34.8472191425,39.959140227,34.7840598315,39.298854416,809493170.154509
2019-01-07,39.279749317,39.6475600553,37.6137425411,37.8062757103,586891612.61358
2019-01-08,37.9189919415,40.9506571153,37.9189919415,39.479717329,643946958.974812
2019-01-09,39.4464530749,40.2786144035,38.9027262194,38.9855342907,504601882.518513
2019-01-10,38.9871372629,39.524034219,33.0317489556,33.8660078714,701124436.918687
2019-01-11,33.6834752631,34.0987300005,32.0460450478,32.3276289459,628980636.702869
2019-01-12,32.4562060974,32.9389943348,32.0305063081,32.3844279741,491524393.259194
2019-01-13,32.3958230555,33.1385640597,30.1277126618,30.3328965099,564244096.209336
2019-01-14,30.3780966226,32.7339473224,30.3101520391,32.3582415857,593098937.785578
2019-01-15,32.3842061511,32.7069481627,31.0799273076,31.5070693419,527294087.710338
2019-01-16,31.4385891411,32.2463922062,31.2680586048,31.8234165423,539347965.609445
2019-01-17,31.8501116082,31.9468863924,30.6761481592,31.8886501325,609389196.550093
2019-01-18,31.9134508042,31.9406032044,30.9555714176,31.3114866825,566482194.175347
2019-01-19,31.4802099112,33.1123583034,31.3684266697,32.5507250949,585789956.569941
2019-01-20,32.4900431314,33.3541454075,30.9354971004,31.1764074868,584024740.855502
2019-01-21,31.1886558067,31.3891838715,30.9566659794,31.2128698331,531048792.32404
2019-01-22,31.2133038999,32.0197727702,30.3246738415,31.6844261788,589374366.572987
2019-01-23,31.669024004,32.386165747,31.558425947,32.0019575094,613521887.662678
2019-01-24,32.0429706454,33.042126861,31.427627467,32.7761089477,614405337.576673
2019-01-25,32.8204345521,33.2095937542,32.2733367384,32.9818122375,661476019.589631
2019-01-26,32.9679600268,33.9500109699,32.8666258082,33.1505255425,694481467.011091
2019-01-27,33.0819621715,33.3457495762,32.0805025498,32.5928362344,678149673.481023
2019-01-28,32.5171236683,32.7167469281,30.5231113933,31.1992583995,812860294.363104
2019-01-29,31.2355439877,31.4575351282,30.4372493927,31.0971112509,707842399.905784
2019-01-30,31.0665585744,32.0893745924,30.8635165357,31.930953992,694822147.737403
2019-01-31,31.8908562478,32.4372965172,31.3954598557,31.6521749716,654137406.15627
2019-02-01,31.7195222293,33.4494434642,31.1271358529,32.8270790163,825977655.561923
2019-02-02,32.8179812378,34.5571678506,32.7280937751,34.394830048,829064166.229799
2019-02-03,34.4312110307,34.5684474192,33.1176768134,33.43925425,820461890.930779
2019-02-04,33.4643582692,34.428387575,33.4643582692,34.1086281456,740036503.918185
2019-02-05,34.0091642422,34.3883954017,33.7777398596,34.2566462801,708712283.694799
2019-02-06,34.3473048796,34.3473048796,32.543477391,32.9329880978,748545365.545718
2019-02-07,32.9053972194,33.5925779203,32.878470563,33.2224178398,652002936.151053
2019-02-08,33.2352695397,43.9034700778,33.0055742423,43.4647202884,1721691113.41242
2019-02-09,43.0218666836,45.8647462078,42.2685987596,44.7902822885,1509978242.90106
2019-02-10,44.7636346908,47.0940703226,42.9038151606,46.827406006,1420578822.97472
2019-02-11,46.8818317249,46.8818317249,42.3973405324,43.1825392976,1229169301.64429
2019-02-12,43.1688716085,44.1432907411,42.5431784926,43.9286406556,1098569293.92675
2019-02-13,43.8333389475,44.5100521328,41.4168057229,41.9976438237,1087815590.0559
2019-02-14,41.8754945503,42.5533559268,41.2670559193,41.6405491771,997741394.160057
2019-02-15,41.6432773071,43.6757932217,41.619716611,42.6996698317,1043820660.60179
2019-02-16,42.7597669883,44.1835793597,42.567695978,43.5947622788,1017844635.33953
2019-02-17,43.3962585229,44.6495751777,42.9113418809,43.9283692238,1089205821.53115
2019-02-18,43.8819504291,49.2195794242,43.842008988,48.0431761347,1462180271.23398
2019-02-19,48.136169796,49.1831831113,47.2688309585,47.8646781646,1417050580.37076
2019-02-20,47.8208955603,52.1583904097,47.4109332692,51.7859643752,1582934317.71914
2019-02-21,51.8353220579,51.8353220579,48.6816612052,49.151597729,1259734341.3082
2019-02-22,49.1329316692,50.0276723941,48.7173841923,49.8057342391,1213665948.22545
2019-02-23,49.6718210467,51.8857836221,48.6676365627,51.6809280836,1278039836.83462
2019-02-24,51.6802915983,53.4158292331,43.6561619408,44.6785931231,1618048130.73056
2019-02-25,44.5759480943,47.1908576124,44.5759480943,46.2130671958,1212141471.53028
2019-02-26,46.1764608348,46.5173331607,45.0939200581,45.4911299371,1060325373.19739
2019-02-27,45.498642117,46.1383019417,44.4129127817,45.5814256889,1061879935.21406
2019-02-28,45.6164961841,46.9200609897,45.5976469513,46.237257137,1119495712.29469
2019-03-01,46.2354130676,48.9878006242,46.1499184875,47.4872385184,1175425172.05628
2019-03-02,47.4812364921,49.6407396003,47.4639535453,49.0153659415,1227656624.07358
2019-03-03,49.0219455254,49.3858837006,48.0931628315,48.380320364,1102677211.3515
2019-03-04,48.3349519213,48.6493031349,45.8533738238,46.4320335075,1243464081.77312
2019-03-05,46.5235623885,54.023881851,46.1423414204,53.1324583655,2000300861.93727
2019-03-06,53.0202247089,56.267272862,52.2767513959,55.7842773616,1998850451.83593
2019-03-07,55.8377685271,58.999517912,55.0793919568,57.1890335432,2410843753.78579
2019-03-08,57.4355074105,57.6500238722,55.4534500283,56.0995478701,1977538386.95535
2019-03-09,56.0017799181,59.2857441438,56.0017799181,58.0868919265,2145350394.61967
2019-03-10,58.0985288691,58.2513876251,56.591222296,57.1818638905,1778709344.41431
2019-03-11,57.1877035511,57.8488823203,54.8270726143,55.4202146374,1839260242.62496
2019-03-12,55.4130177548,57.2631469616,53.4956530838,56.9970550964,1666711996.13802
2019-03-13,57.0756628527,57.2101890215,55.433733364,55.9331843325,1465625295.04307
2019-03-14,55.8600129298,57.7561112967,55.785193854,56.5841836666,1610293200.21098
2019-03-15,56.5416375549,59.3861924579,56.5416375549,58.9892592824,1824454594.98776
2019-03-16,58.9941325727,62.0934482972,58.9941325727,61.844752484,1997899601.09467
2019-03-17,61.8814918807,61.9896410978,60.7825387335,61.2437802555,1609232029.40373
2019-03-18,61.2842841708,62.7706479188,59.5024298351,60.2648064825,1971826810.50953
2019-03-19,60.2242971382,60.9471727039,59.7523186309,60.6155682346,1824124622.94149
2019-03-20,60.6779154046,60.9570481396,58.5693977456,60.8465471051,1990264182.04413
2019-03-21,60.8674933201,61.0823303056,58.7395426758,59.3783248641,1766689848.00624
2019-03-22,59.3026111053,60.284577362,58.887696393,59.8240014006,1660894829.82952
2019-03-23,59.7915311641,61.7070026918,59.5078077043,61.3486151925,2009701790.1926
2019-03-24,61.2429180449,61.2472832933,59.7132208832,60.2238766743,2041814465.1505
2019-03-25,60.3026795345,60.9265527675,58.9999094525,59.4967372873,2057863893.58931
2019-03-26,59.5083075953,59.6530056533,58.3349365863,59.3435287366,2020400712.53029
2019-03-27,59.4078993345,62.2880810731,59.3252357608,62.2514288897,2220590688.22659
2019-03-28,62.2224562709,62.2224562709,60.7455648492,61.1704861142,1818355774.36926
2019-03-29,61.1675962176,61.5323429675,60.2597777017,61.3016125981,1977436351.12851
2019-03-30,61.2540964664,64.1090073392,60.3650643039,60.6219622335,1698116592.70109
2019-03-31,60.6384818447,60.8503181857,60.212364442,60.7553978572,1646531871.86134
2019-04-01,60.7698366061,60.9851720316,60.4138903026,60.6779939756,1712538381.52761
2019-04-02,60.7047059348,77.4117296696,60.5377782878,76.1932596939,4161362861.41264
2019-04-03,76.2562988737,97.4952564658,76.0096458602,84.9219378767,6206102118.69064
2019-04-04,85.1739312234,89.3383879173,81.5686363146,84.9809052844,4195622761.03396
2019-04-05,85.0379499848,89.5820137893,84.9232822548,88.6778605953,3512861847.24127
2019-04-06,88.7077740435,96.7413569687,86.3123835042,92.573417164,3857950928.59527
2019-04-07,92.4213696294,95.3946721331,90.0854154084,92.3123691536,3314848880.20761
2019-04-08,92.3278951362,93.8228476416,87.0640900097,89.493042548,3295695861.98141
2019-04-09,89.4977366728,89.4977366728,85.0072202458,86.7869615122,2742631078.01307
2019-04-10,86.7743315292,90.3524301021,86.7470406698,88.3777407722,2765900676.91311
2019-04-11,88.3935302233,88.5217418757,76.6567706155,79.6779906128,3461535999.62119
2019-04-12,79.6326417403,80.2660584099,76.4416353058,78.9639611934,2839796022.16015
2019-04-13,78.9467074263,81.1027838684,76.6933551839,78.221303601,2379257754.43375
2019-04-14,78.2046726791,82.9375212398,76.9791745809,82.9375212398,2328308745.01874
2019-04-15,83.0148902108,83.8481491692,76.9819698184,79.0546990538,2742760720.7716
2019-04-16,79.0382221294,81.838295582,78.0286537203,81.3492781191,2176907330.7941
2019-04-17,81.3524099528,82.0017785294,79.0808899796,79.3274682066,2060101783.91908
2019-04-18,79.3922016693,83.2014522137,79.3075538514,82.0748782366,2616912435.61082
2019-04-19,82.0988163512,83.1884835618,80.4339329589,82.5692227845,2608961075.49135
2019-04-20,82.5503825017,82.8927774054,80.2759530643,81.5124986208,2422737856.53595
2019-04-21,81.5220146553,81.8905055814,75.0202087706,77.331559117,2957685725.63272
2019-04-22,77.2944144031,77.8895845231,75.6995788656,76.948077732,2657300818.93001
2019-04-23,76.8534981785,79.461781631,74.6394116716,74.8450217987,2920088568.20913
2019-04-24,74.7538755662,75.2356487244,71.3560673142,73.3089431536,3347048436.05449
2019-04-25,73.2453191581,74.5077178578,71.0550007299,71.2481178331,2754712045.7973
2019-04-26,71.3633021171,74.5130113154,70.1936751174,73.1153465683,3041612618.86474
2019-04-27,73.2133721173,73.3286377255,71.9933313125,72.1209037542,2059777054.25355
2019-04-28,72.1203074518,72.4828295375,69.0800299085,69.7267999703,2362638269.87927
2019-04-29,69.784255653,70.2292215732,67.2660619254,67.9603802114,2532498296.12034
2019-04-30,67.9505873801,74.6682977098,67.9505873801,74.28087406,3065300353.64056
2019-05-01,74.3033538546,75.4206527834,72.2980150709,73.6577686214,2871792311.35765
2019-05-02,73.6827536219,74.5236549427,73.0957880558,73.7771758525,2903392113.7652
2019-05-03,73.7644482518,80.4192638276,73.4426067024,79.3265344093,3850339791.87758
2019-05-04,79.3079365132,82.0195841916,75.7961638912,78.0638386356,3502670654.94666
2019-05-05,78.0042335655,78.1505282129,75.5378943202,75.9843672914,2650746460.75968
2019-05-06,76.0289810144,76.3936362977,72.3252927499,74.9827566128,2933488798.69151
2019-05-07,74.9799397999,78.0087337856,74.6664449002,74.6930011516,3088433048.0808
2019-05-08,74.6473734828,75.3181180632,73.1015224874,74.6202879446,2532851417.78172
2019-05-09,74.593982356,75.9328921501,72.9898349469,74.1771403698,2436426304.97936
2019-05-10,74.1895925317,78.7241443074,73.0380623982,77.1666508,3051537532.44859
2019-05-11,77.162751379,94.5443816066,77.1092298984,89.2222559729,5491744172.81669
2019-05-12,89.5393019632,93.176265626,83.8230692549,84.5655110516,5582599422.01167
2019-05-13,84.6325787668,92.3720070094,84.2997399523,88.0582361061,4658762983.66769
2019-05-14,88.0530440769,93.3729822949,87.6583840666,91.6204061122,4930071295.67063
2019-05-15,91.6615556779,103.140012263,90.8172697309,101.744566017,5168624435.91396
2019-05-16,101.573141705,106.205651074,92.5651163839,95.5855849808,6442000275.56727
2019-05-17,95.6326055069,97.2586636188,84.9377793997,88.9952344815,5319840521.08299
2019-05-18,89.010020614,89.8749577834,85.8005127764,86.7001894258,3317998477.50726
2019-05-19,86.6753308508,96.5427642195,86.1292384386,95.3212014721,4108852208.45884
2019-05-20,95.339368288,95.339368288,88.5692770416,91.493678397,3566921482.87564
2019-05-21,91.5720790098,92.4441265078,89.5879772317,91.5077485162,3145769021.02849
2019-05-22,91.5051032219,92.002701316,87.5451457751,88.2105722826,3398528443.10461
2019-05-23,88.1976089069,89.7386738223,85.2301172397,89.1767760856,3208807268.97803
2019-05-24,88.9739462874,102.749931308,88.3244420716,99.9030340456,5393657681.96863
2019-05-25,100.045539418,104.105577263,98.7228773768,102.672318076,4507357464.92976
2019-05-26,102.700590371,112.673221236,99.7438409452,111.418602843,5168378348.59575
2019-05-27,111.435297724,120.69171238,111.127954215,118.032603284,6355361291.2383
2019-05-28,117.891893294,117.891893294,112.991238759,114.931159931,4171886802.27413
2019-05-29,114.925445645,117.874445954,110.472669566,115.081232591,4122926835.91589
2019-05-30,115.14059115,119.741748407,105.298331243,108.795580409,4971290021.77448
2019-05-31,108.69622005,114.628044795,105.913834142,114.536959268,4207966340.98949
2019-06-01,114.466252669,115.606909579,111.679024564,112.619266718,3807158511.10549
2019-06-02,112.710168277,116.246992939,111.912217976,114.702837715,3434073036.50241
2019-06-03,114.668711051,115.905778066,106.462446337,107.468575541,3832352495.94199
2019-06-04,107.37293647,107.37293647,99.2943151513,102.087823513,4316694182.65041
2019-06-05,102.119497337,104.844002064,101.218843241,103.849290191,3585162871.53059
2019-06-06,103.80683349,111.334335757,102.088146268,111.107226389,4142250661.75984
2019-06-07,110.975149349,120.6396915,109.586572799,117.374409829,5140908476.51775
2019-06-08,117.278075717,119.49824867,114.455493716,118.552035593,4689557936.47199
2019-06-09,118.586055526,119.133209309,112.568814491,115.132302792,4360301111.3921
2019-06-10,114.995560338,129.708819157,113.1698972,129.071435158,5449266883.89732
2019-06-11,129.26413353,138.148742967,125.962521917,136.029740452,5441787587.33504
2019-06-12,136.085829629,142.706405097,132.23800442,135.653751666,5855623530.11169
2019-06-13,135.682119509,136.886004349,129.135824969,131.351766243,4947794845.21688
2019-06-14,131.31400491,133.177451744,126.861785633,133.053272851,4352005824.20009
2019-06-15,133.179805718,139.18627654,133.143962234,138.1270843,4329002012.52911
2019-06-16,138.148788673,138.79447713,134.540837799,137.122251868,4372645800.59513
2019-06-17,137.129940539,137.277322897,133.050307558,134.438098499,3230230842.72159
2019-06-18,134.472097376,135.92283205,129.747151968,135.158731405,3720828768.62163
2019-06-19,135.152661887,139.340609589,134.03050758,136.603195708,4383960510.04954
2019-06-20,136.602272727,137.083589736,132.643073261,135.479836064,3880682308.14237
2019-06-21,135.508520475,141.073477418,135.508520475,138.883765671,4378260962.93236
2019-06-22,139.036962054,146.434680297,138.479739363,141.90304461,5488615001.82368
2019-06-23,141.94515635,142.560118448,136.321528791,136.882167747,3998980168.47685
2019-06-24,136.920871282,138.689013862,132.832483644,135.532759271,3907725104.56597
2019-06-25,135.580947548,138.124554001,130.885693243,136.489390067,4411092399.71423
2019-06-26,136.477004873,138.321605051,128.944088488,131.265098175,5565887284.84387
2019-06-27,131.223004381,132.042845523,110.665875426,114.404768324,5588611122.23092
2019-06-28,114.411109075,122.023278669,113.466741431,120.150093541,4683311766.21581
2019-06-29,120.155097644,135.744491886,116.219249168,133.662787288,5745785825.26624
2019-06-30,133.724641898,136.25967859,120.4409853,122.249117942,5525273220.32067
2019-07-01,122.11413236,126.024366919,114.221352851,122.583715294,5034162435.6346
2019-07-02,122.556334597,123.293391449,112.647943139,119.243699452,4761878443.46755
2019-07-03,119.334222664,123.736398992,118.372245197,122.564113507,4529682890.30797
2019-07-04,122.502754206,126.673796623,119.045995318,119.976923415,4564200301.10404
2019-07-05,119.837661743,120.648365732,117.15358589,118.352507968,4110868216.6924
2019-07-06,118.378718804,121.294058964,117.327119228,117.82361999,3484378308.29226
2019-07-07,118.026007496,120.325261919,117.641089816,120.32087848,3348662401.1062
2019-07-08,120.283494227,125.082014093,118.598565956,123.285484768,3803750017.35219
2019-07-09,123.247103563,124.165417696,118.228095566,119.432812474,3785641024.68485
2019-07-10,119.500996935,120.10431637,103.822186509,108.50025767,4699511837.82323
2019-07-11,108.570405474,108.570405474,97.2819978766,102.644301431,4633853162.43535
2019-07-12,102.827326104,106.356101228,101.212635082,105.300057165,3611846208.26299
2019-07-13,105.286639337,105.591568126,98.0140363935,101.024796062,3353538170.94352
2019-07-14,101.106799351,101.684436376,88.8069026647,89.7704785959,3717531245.50947
2019-07-15,89.8577313688,92.6316640544,85.6810670515,90.9229714991,3570361792.93554
2019-07-16,90.9000735917,92.0602142664,77.498995661,79.4999322007,3703346636.19968
2019-07-17,79.4073289321,93.0477216354,77.4974716733,89.8107196176,4616360556.32518
2019-07-18,89.6947328874,103.14611455,87.4480381324,101.085422398,4890332055.6173
2019-07-19,101.081941264,101.178881331,95.7221227057,98.4026545798,3983990085.22626
2019-07-20,98.4569221776,104.613319808,97.7077475733,100.609941111,3771308934.29337
2019-07-21,100.506562647,101.467031305,96.9504169321,99.6275890552,2829054214.75853
2019-07-22,99.5578889659,100.245120593,92.30304255,95.4173879285,2693989249.04095
2019-07-23,95.4066584469,95.4798093592,89.4445430201,90.6226298464,2700924025.77558
2019-07-24,90.4611467773,96.4196060902,88.1529349946,94.309669008,3247150969.76677
2019-07-25,94.359808884,95.8486479003,92.4715304968,93.4463175535,2690273676.72129
2019-07-26,93.4113433974,94.5464535905,90.7536659567,94.3050152256,2260844510.93714
2019-07-27,94.3161050811,95.6519750153,87.697091536,88.8890206443,2626517608.48216
2019-07-28,88.8858837584,90.4140811229,85.3543596929,89.7693334037,2460180908.04818
2019-07-29,89.7717975771,91.3943532306,88.5660126923,90.4264245332,2457824867.44727
2019-07-30,90.471448827,92.1924447947,89.0204033393,90.5669481151,2302521844.42619
2019-07-31,90.4709967289,99.4838111864,90.3348852899,98.5095781702,3051471469.17154
2019-08-01,98.5666857013,100.257482061,95.980942915,99.1797221962,2953184688.50915
2019-08-02,99.1995872524,99.1995872524,93.5440717945,94.9412950991,2882784454.00045
2019-08-03,95.016814122,96.8427687489,94.1589540048,94.5808806283,2512959054.47023
2019-08-04,94.598244426,95.3930853495,91.4540733296,93.2037819251,2427608116.77452
2019-08-05,93.0852839656,105.591288267,93.0852839656,96.834650962,4134352823.00362
2019-08-06,96.8895988002,98.9756192838,91.660183004,93.0697157826,3245339848.92204
2019-08-07,93.0388740966,93.7389792461,88.540722247,90.9125986794,3105989435.82202
2019-08-08,90.9115641502,91.7223263634,88.4997045209,90.0316084005,3034717882.14391
2019-08-09,90.0891976762,90.3570677727,83.4851465181,84.4393774067,3003278176.73533
2019-08-10,84.3909948785,87.1141705859,83.1360326492,85.4194762795,3088060147.25917
2019-08-11,85.450751686,91.0313544593,85.4461187756,89.7526674359,3025787942.10381
2019-08-12,89.7023886582,89.708680241,85.6308220314,85.7492298819,2716187718.86335
2019-08-13,85.7464282847,86.3235334052,83.347240755,84.4061440474,2681787837.63612
2019-08-14,84.4203493571,85.5505132652,75.9618572901,76.0649859941,3093090405.51777
2019-08-15,76.133269541,78.5077046077,72.9977769491,76.3889783029,3654075558.03478
2019-08-16,76.3152467724,77.1697721227,73.0685248537,74.9201538873,3016089035.67516
2019-08-17,74.9050894123,75.3306545602,72.2696902953,72.7977220768,2482385549.0686
2019-08-18,72.8395956325,77.5582787512,71.6690862545,76.2699484391,2743241606.13614
2019-08-19,76.3371085513,78.5080245616,75.8813486148,77.2631905343,2346796021.41677
2019-08-20,77.2983865879,77.4420282054,73.9419303343,75.1965663598,2430165429.41844
2019-08-21,75.2442747135,75.4650743576,70.5821101147,72.9649534092,2878567011.2981
2019-08-22,72.9507682337,74.5710150457,71.3090197387,73.5985957813,2908864702.7828
2019-08-23,73.5773281737,75.692844921,72.8689594738,75.4028134995,2496513401.35271
2019-08-24,75.4078073409,75.6932170151,72.3201457234,73.4636165112,2191973574.71724
2019-08-25,73.4700393683,74.7339871696,71.1742626672,72.3081471739,2227400266.89353
2019-08-26,72.32022988,74.9861175761,72.1227086571,73.8571740551,3046136697.06959
2019-08-27,73.9338649445,73.9338649445,72.3661236952,72.8362287979,2489689273.60977
2019-08-28,72.9027687453,73.0486214094,66.5383239685,67.4255418594,2883041615.79551
2019-08-29,67.3553379941,67.4307451962,63.6286712525,64.098055358,3092332444.46644
2019-08-30,64.0837359798,65.4372437163,62.614576882,64.3329790986,2377466438.17635
2019-08-31,64.3590885117,65.2663185636,63.0107617681,64.5760532334,2283340831.44292
2019-09-01,64.5586076873,66.7741871836,64.4956005225,66.1447228307,2228146663.34775
2019-09-02,66.1136231158,67.5512600694,64.9551941655,66.9449522931,2400017919.10509
2019-09-03,66.9907722726,70.7095245071,66.6389481865,69.1292588978,2816706429.57833
2019-09-04,69.1765010412,69.2366660395,67.0610346986,67.285630942,2696779273.83461
2019-09-05,67.3087409296,67.6228589027,64.6159071734,65.3955698556,2379080139.64578
2019-09-06,65.3867292604,67.8898332082,64.8905099873,65.2282013513,2595201216.22174
2019-09-07,65.2368801491,70.2948783837,64.9035276894,69.0387130318,2763572249.8592
2019-09-08,69.0160636662,71.1093796343,68.9365090054,70.5493658145,2776939870.23161
2019-09-09,70.619391981,70.8087203768,68.5150368722,70.192236678,2654086134.65202
2019-09-10,70.1321063315,72.6729300325,70.0732443196,70.8233944117,2893715133.13271
2019-09-11,70.8761452947,71.4137626027,68.974839025,69.9221432504,2569282757.42362
2019-09-12,69.9585736361,70.1485265617,68.7384150123,69.225073175,2316445209.0346
2019-09-13,69.2332067522,69.7176588051,67.9133960208,68.9886186746,2368931048.1099
2019-09-14,69.0219539922,71.1603955272,68.4862410964,70.5623041408,2439744084.55773
2019-09-15,70.5872164693,71.2312049331,69.9715983802,70.3151768163,2330572400.02122
2019-09-16,70.3233201671,73.2695810144,70.1119595683,72.5731088494,2652253521.92841
2019-09-17,72.5910735248,76.6370801931,72.4190519211,74.2212287374,3104946340.90186
2019-09-18,74.2285195219,79.6552212293,74.1499416163,77.969133904,3665577128.90792
2019-09-19,77.9192698904,78.0499232829,73.3831685627,77.0596237469,3778427056.17657
2019-09-20,76.9578419291,77.0486693879,73.8720901251,75.149092387,3148504140.33819
2019-09-21,75.1818166733,75.5663070777,72.907057278,73.5165287108,2572614027.22999
2019-09-22,73.5092521612,73.5501185338,71.8026036637,72.6161221419,2494428147.24053
2019-09-23,72.6132108664,74.0531041547,64.3250484291,66.8518935239,3215899051.07627
2019-09-24,66.8441154893,67.6066411046,55.8236396096,55.8236396096,3919809840.28657
2019-09-25,55.8342057611,58.3574938281,54.2543584924,57.6580077078,3360298410.23924
2019-09-26,57.6577585977,57.8339255521,51.8446099962,55.540617166,2663433163.21306
2019-09-27,55.5664507293,56.6986972347,53.7708596483,56.3608494395,2324084588.74945
2019-09-28,56.4165755539,56.5749269156,54.6376988351,55.682246555,1975938675.7801
2019-09-29,55.7066163631,55.8884791408,52.9976679758,54.319547084,1825233236.86753
2019-09-30,54.3143365735,56.1595236579,53.3190527751,56.0569087721,2241248500.79335
2019-10-01,56.0892338337,57.5655064553,55.5062385673,56.0580761672,2325767309.87771
2019-10-02,56.0133793078,56.8866872695,55.598916032,56.508924523,2113331223.71642
2019-10-03,56.534791176,56.9116079059,54.8372932979,56.5468145252,2221643895.95984
2019-10-04,56.5237112883,57.5232790642,56.0442532097,56.8532121139,2292624174.62169
2019-10-05,56.8095425732,57.426826804,55.8855049122,56.8438715454,2063875680.81199
2019-10-06,56.8354283054,56.9442323023,54.5928092764,55.4115690949,2381501439.35174
2019-10-07,55.3420271503,58.6536101752,54.4459497097,57.7883001149,2891486028.6634
2019-10-08,57.7933835032,58.3152960508,57.0092891468,57.3985867554,2417116505.69846
2019-10-09,57.4204830095,59.9328037694,56.9787064894,59.430865842,2790624238.7114
2019-10-10,59.401574968,59.4088504215,57.4306879601,57.7760831796,2440262584.75716
2019-10-11,57.7694231647,58.2423748429,55.9958666657,56.296968974,2441054545.44956
2019-10-12,56.4043895021,56.9309745093,55.7415978977,55.9828696793,2098404879.83358
2019-10-13,55.9418740985,57.7263237484,55.8765397631,56.7139949094,2235957909.148
2019-10-14,56.7181574139,57.3296093037,56.4776499907,56.9754006967,2243495396.74797
2019-10-15,57.0073192517,57.3745661422,54.7116408148,54.9442081295,2602960066.45057
2019-10-16,54.9866277814,55.5513979784,52.1656215644,52.9231066814,2978803243.62121
2019-10-17,52.8972314021,55.1264267478,52.3513354897,54.8844752045,2925315824.10113
2019-10-18,54.9347587338,55.0357810312,52.7949983481,53.4916924251,2683486531.25306
2019-10-19,53.4651334904,54.4642311609,53.0744036621,54.0345715635,2453091267.85027
2019-10-20,54.0631227062,55.4424601727,53.2180639037,54.9343797095,2612273452.86817
2019-10-21,54.916086856,55.5556578896,54.0245712345,54.9382982595,2727253951.42567
2019-10-22,54.9282615548,55.2883881707,53.6433742798,53.7443620925,2490194231.59466
2019-10-23,53.7537247964,53.8185894794,48.4951892296,49.6279561923,3077488277.19956
2019-10-24,49.6834335322,50.4694532619,49.0172913643,50.0676659166,2650862714.20903
2019-10-25,50.1142800192,57.3202943789,49.6092244064,56.9390110299,3770902915.92293
2019-10-26,56.9459763381,61.72935906,54.7286700561,56.775251712,5234627156.82323
2019-10-27,56.8026215329,61.8748719543,55.915411839,59.9139888283,4218140032.00449
2019-10-28,59.9197996816,61.9122849329,57.6697950549,58.1268402987,3793848575.64559
2019-10-29,58.0513597148,60.65586031,58.0513597148,59.8696243646,3582210705.36064
2019-10-30,59.8653251216,60.8904603763,57.6030031687,58.4209716297,3387114094.66878
2019-10-31,58.3634448239,60.0818443309,57.6921286559,58.7806836326,3165801277.76074
2019-11-01,58.7463135046,58.7515620144,57.7191089585,58.5836434227,3425154368.20905
2019-11-02,58.5790850619,59.3347837189,58.2195065166,58.5970249648,3353942165.87274
2019-11-03,58.5921025152,58.966865986,57.6411262528,58.6251891562,3259935586.02476
2019-11-04,58.5957385545,62.1768263017,58.3830615727,61.5730574891,4164854558.8008
2019-11-05,61.5774262913,63.99705855,61.3167271138,63.3027644295,4725921529.06701
2019-11-06,63.3454231107,64.2687453232,62.9567384492,64.2687453232,3755244862.81753
2019-11-07,64.2390033324,64.4103366337,61.0816516612,61.8432220073,3557191962.94418
2019-11-08,61.877557427,62.446647276,59.5096890711,60.5299177709,3414910991.02566
2019-11-09,60.4867550739,62.1530340886,60.3799688171,61.9547120517,2849228740.91497
2019-11-10,61.8971432952,64.5986163128,61.8053653436,63.8414664618,3611586094.45861
2019-11-11,63.7791565367,64.3397303508,61.3675439417,61.899106855,3033016471.65152
2019-11-12,61.9334540107,62.4744727402,60.6897755616,61.3402972966,3333604208.03491
2019-11-13,61.3704205959,62.0570720205,60.8725331746,61.1113468285,3094050321.3239
2019-11-14,61.0771521379,61.2162472705,59.4160154619,59.4298942835,3040274518.67095
2019-11-15,59.4805933535,60.4716302489,57.5368681484,57.8117103973,3195878561.72701
2019-11-16,57.7882987915,59.1802962416,57.4711546252,58.5654374358,2841793394.70038
2019-11-17,58.6047494585,60.6693902505,58.3448549824,59.5732277141,3215100477.98462
2019-11-18,59.5700449627,60.0771124408,55.8579714988,56.80095038,3131873188.08802
2019-11-19,56.8041663333,57.5945168531,54.9418747244,55.6239869248,3030389858.50052
2019-11-20,55.633770987,56.6596943312,55.0926728322,55.2909230079,2858714058.02443
2019-11-21,55.2841914031,55.4358794561,50.1548156191,50.8830533118,3158748317.03464
2019-11-22,50.879672443,51.3897379972,44.8905771605,47.6155372253,3734545939.19382
2019-11-23,47.6223300609,48.7074447406,46.7760624505,48.7064912945,2746902869.91212
2019-11-24,48.7148580962,48.7819934061,44.7342264543,44.7342264543,2709705879.18137
2019-11-25,44.7698183109,47.2674198639,42.9639114571,45.8303359717,3408224795.4931
2019-11-26,45.8141056619,47.5400400844,45.6633145912,47.2733413597,2659405400.26719
2019-11-27,47.1645620998,48.5171481764,45.4413073094,48.0088062763,2979663352.20525
2019-11-28,48.0021226692,48.5541309895,47.0204952384,47.0569488598,2662459126.7324
2019-11-29,47.0913379254,49.3222793861,47.0913379254,48.8791579725,2944492392.71237
2019-11-30,48.9127837952,49.283763329,47.0899868629,47.4754306825,2678481167.43031
2019-12-01,47.4638955033,48.3011431607,46.2400349248,47.7111707214,2781413686.06512
2019-12-02,47.651472316,47.810468442,45.3233855615,45.8170166941,2680452034.79106
2019-12-03,45.7754699694,46.6225541909,44.7634139083,45.3816049176,2557212173.76162
2019-12-04,45.3999477114,46.5357682267,44.5830362323,45.1929506727,2951880019.00594
2019-12-05,45.1426436638,46.7461560715,44.3621178851,45.3016395062,2818768679.16149
2019-12-06,45.2879115228,45.7033498546,44.7536343031,45.6701186502,2585078804.24514
2019-12-07,45.6737318117,46.2079873065,45.3991786837,45.6404906377,2380335462.64282
2019-12-08,45.6822685073,46.5076791074,45.4473061076,45.952944994,2266427857.20178
2019-12-09,45.8999137664,46.0654327563,44.7143524273,44.9392434215,2473452707.59341
2019-12-10,45.0120549621,45.1036148085,44.110364187,44.6442411233,2349745527.64873
2019-12-11,44.6105562936,44.9317953314,43.7200613756,43.9456963085,2507211954.15441
2019-12-12,43.9226961668,44.2838784839,43.5024827365,44.0821699521,2740797931.69645
2019-12-13,44.0112640201,44.502909977,43.7100618787,44.4505789481,2766557274.09299
2019-12-14,44.4495687595,44.6584047703,43.5163496381,43.722186116,2721787991.15097
2019-12-15,43.8459380436,44.3141517949,42.7610650484,43.7568277758,2668105124.19512
2019-12-16,43.7841590138,43.8669463084,40.0483699793,40.3742589302,3046141448.5566
2019-12-17,40.358624173,40.4158805406,36.9251153874,37.0834290368,3283924745.5692
2019-12-18,37.1162773394,41.0999861639,36.6729435873,40.7785438925,3845534650.04419
2019-12-19,40.7934546736,41.1233720178,39.0668716057,39.920295762,3173676634.71099
2019-12-20,39.9399059512,40.5880019998,39.6741091083,40.2901587562,2778859161.1565
2019-12-21,40.3048177276,40.3355790921,39.7354631718,39.9968286903,2655178487.90423
2019-12-22,40.0100981536,42.2545621045,39.9533398488,41.9651908815,3141032975.92986
2019-12-23,41.9543134319,42.5479573269,40.7230417166,40.8474745707,3163414128.10168
2019-12-24,40.862876384,41.6845840746,40.2244935001,40.6780156994,2860933776.08193
2019-12-25,40.734569083,40.7573004566,39.883540865,40.629561508,2773383486.03709
2019-12-26,40.6084265677,41.3680187599,39.8115725897,40.2660355118,2848923905.89483
2019-12-27,40.2617459187,41.6515216149,39.9643699804,41.1781725514,2949759035.98174
2019-12-28,41.1651565224,43.8118624348,41.1290577524,42.8425223762,3260638655.5145
2019-12-29,42.7977420589,44.4495891872,42.4394356704,43.6706592458,3573796558.16521
2019-12-30,43.7539342918,44.6039969916,42.4314379805,42.7473368841,3330795171.24351
2019-12-31,42.7661142579,43.0609540247,41.1704725863,41.3400739512,3015923777.91991
2020-01-01,41.3265357423,42.2850191421,41.2880332349,42.0177210682,2782992323.32027
2020-01-02,42.0180835946,42.1347467251,39.6835666801,39.8230153245,2759827138.76124
2020-01-03,39.8631286393,42.44717506,39.4508441267,42.4155749116,3260961325.822
2020-01-04,42.3835253566,43.3427059049,41.9330760631,43.3266081077,2843192896.77504
2020-01-05,43.2913815968,44.733614175,42.9985358931,43.5532063571,3017148033.37104
2020-01-06,43.6038954374,45.9578790304,43.4943745011,45.8163534442,3349237768.46002
2020-01-07,45.8386809108,46.8583876582,44.7230176845,46.4245817462,3611521906.9089
2020-01-08,46.4483523139,48.202767145,44.62704969,45.6537671379,3633957130.07767
2020-01-09,45.6222687105,45.7778337142,44.3105045924,45.2159308396,2986327757.48113
2020-01-10,45.2115391763,49.1667222119,44.0331058243,48.7273277229,3808140301.81121
2020-01-11,48.6338566263,51.334717661,48.0883929187,49.2637686958,3915781114.72054
2020-01-12,49.3191563076,51.2988294532,49.0127868816,51.0807366189,3858852964.36296
2020-01-13,51.1223120276,51.3903554887,48.9341302233,49.7337676487,3336204743.56523
2020-01-14,49.6973602461,59.8815034954,49.6902683873,58.478234758,5729547956.43701
2020-01-15,58.3902666154,59.9230341419,56.1667447247,58.052849833,5070738793.30109
2020-01-16,58.0479644088,58.30206767,55.1487370459,57.6182557286,4347723834.9347
2020-01-17,57.6429682792,62.8895463205,56.8988162461,61.4871259137,5067456613.48522
2020-01-18,61.302833615,62.1656735257,58.5250586684,59.4086438032,4426051529.71507
2020-01-19,59.4457087115,61.7859567078,56.1803946788,57.8006936368,4197776578.68487
2020-01-20,57.7815274667,58.0880652894,56.2268160757,57.2032610904,3306438947.44547
2020-01-21,57.2335212006,57.9632218303,56.2719708183,57.6478813075,3130143641.5773
2020-01-22,57.6395931716,58.9908942715,57.3162810467,58.3547245437,3076205980.48289
2020-01-23,58.3503879261,58.4766999072,53.3856567922,54.63026014,3348002983.33679
2020-01-24,54.6438125108,55.4244359845,51.3644160316,54.5317889377,3532776555.52381
2020-01-25,54.5640560439,54.5640560439,52.7692153673,53.6977884457,2938756557.51263
2020-01-26,53.6870664076,56.4752668766,53.2989335795,56.2127143837,3283750798.49327
2020-01-27,56.2753401142,59.5774985325,56.0788885956,58.76326686,3832184227.86021
2020-01-28,58.7685625398,61.1533543024,57.7631985277,60.6718157822,4220742210.18393
2020-01-29,60.6637667782,62.2498722625,59.7830727681,60.0779327535,3894445882.40258
2020-01-30,60.0139158026,69.7380273752,58.7769066623,68.1590625242,6042169956.67119
2020-01-31,68.1790390103,69.3798154137,65.7891495314,67.8794926165,5718104790.66037
2020-02-01,67.9085191505,72.2823271445,67.6550688655,70.8200175721,6009767448.79293
2020-02-02,70.8023416415,73.2537265805,68.1289548698,70.2315417322,5482993030.01137
2020-02-03,69.9925847975,72.3853233207,68.9675188008,69.7802193165,4965069689.68579
2020-02-04,69.7694823283,70.3320734494,66.9042615322,68.1957800274,4449652116.98022
2020-02-05,68.1146080768,73.1815922814,67.8778116979,72.4931038042,5169585841.4261
2020-02-06,72.5323810795,74.6567660153,71.1064398609,73.3886861743,5463272393.89081
2020-02-07,73.467921359,74.9587912045,73.222266753,74.3561157544,5051951257.51834
2020-02-08,74.3953812775,77.4217300523,72.1395026346,76.4675635764,5496860398.60965
2020-02-09,76.449096263,78.2013854717,75.6912709335,77.0925799259,5145711108.25117
2020-02-10,77.143052376,77.5603383194,73.1247070717,74.3350945679,5373709984.29828
2020-02-11,74.3460785602,76.6312358294,72.8461984459,76.5973971125,4742120918.08473
2020-02-12,76.4935237834,82.2718854327,76.4546349549,81.2974511347,5701884853.96879
2020-02-13,81.2297238039,83.6891667667,78.5823127707,80.4034299089,6579062945.77952
2020-02-14,80.3755116016,83.4643077051,79.4283924725,82.9903490718,5382846670.28234
2020-02-15,83.0254535446,83.3841630676,76.1030011715,76.5132459035,5612667759.56768
2020-02-16,76.7293090108,80.411928261,69.5759856606,75.1525911173,6186098306.24777
2020-02-17,74.9680835019,75.3834713141,69.440191776,73.2513044664,5593944695.3746
2020-02-18,73.1856220505,78.0138615696,70.8925658186,77.0351814901,5600214717.12977
2020-02-19,77.0755177396,78.1988240446,70.5445708857,71.1359400595,5298677184.98525
2020-02-20,70.9819512544,72.1667295334,67.4592724061,69.6248463221,5500324692.5389
2020-02-21,69.5704440657,74.9393611913,68.9146914804,73.4509188472,5579449655.93044
2020-02-22,73.4858627398,76.48518289,72.5743891923,75.1330768964,5547090433.51029
2020-02-23,75.0740090197,79.8003052709,74.9750124445,79.536655276,5702486428.06094
2020-02-24,79.5595153544,79.5595153544,72.3769689961,75.5356199908,6355612213.88552
2020-02-25,75.4954003972,75.8070767256,70.0688953377,71.1802452291,5755711245.57461
2020-02-26,71.1803841831,71.8649764384,58.5794900631,61.0143086072,6518313483.12219
2020-02-27,61.0279262008,64.6236588248,57.8040321885,61.5078857302,5649302853.74726
2020-02-28,61.4379354392,63.1714901102,57.840664149,59.763957385,5266399748.6559
2020-02-29,59.748736617,61.377529288,58.3851583941,58.5432635583,4168117351.85237
2020-03-01,58.5305448664,60.1183559588,56.6462240196,57.9566877233,4317287190.84129
2020-03-02,57.9840074518,61.9412402222,57.5547884295,60.9955500001,5309970237.88303
2020-03-03,61.0205711665,62.3549809586,60.0060197587,61.1444756095,5412760345.07413
2020-03-04,61.1434936164,61.5657299367,59.3622792679,60.3824189655,4429853607.71244
2020-03-05,60.4027798955,63.1437866128,60.4027798955,62.0454597898,4712202708.54251
2020-03-06,62.0498867557,63.7732639304,61.4596361587,63.0256006538,4766934523.74733
2020-03-07,63.0220146169,63.7577709004,60.4995984915,60.5463092552,4258036532.21471
2020-03-08,60.5791170083,60.6050238941,51.728600782,51.728600782,4523736331.4655
2020-03-09,51.6381278986,52.3076364082,47.2842042502,50.1681472795,5097423293.57966
2020-03-10,50.4798272628,51.2523185963,49.3954539876,50.2563889487,3945792927.08311
2020-03-11,50.2637658366,50.6119217536,46.2384405177,48.4637853415,3807551814.02916
2020-03-12,48.4492307778,48.5582495571,30.627011142,30.9308829174,5417383295.73372
2020-03-13,31.004512577,39.247817409,25.5731040917,37.437954743,7552238198.43338
2020-03-14,37.536197575,37.598465567,34.0440463472,34.3965864683,3270465986.09608
2020-03-15,34.4099031424,38.2310676915,34.2041841718,36.4370916286,3434485462.82798
2020-03-16,36.4459131862,36.4459131862,30.6080048851,32.8762152044,4079630236.47544
2020-03-17,32.9030890588,35.4214749824,32.7866649983,33.5638700054,3289527849.07846
2020-03-18,33.5556631905,34.1390501274,32.7815993723,33.6841772303,3170415991.62048
2020-03-19,33.7217177758,40.2298451807,33.7128735909,39.0737659317,4157185543.07768
2020-03-20,39.1080928086,43.3260266729,35.5858704703,38.1319558782,4537692969.94384
2020-03-21,38.0778663381,39.3361769398,36.947293177,38.3423278787,3438721430.43368
2020-03-22,38.3717368178,39.4771759315,35.4989752642,35.6280538529,3148219028.92902
2020-03-23,35.5774312667,38.8458573269,35.4163853679,38.7657671691,3598154774.15441
2020-03-24,38.7479933476,40.7546481749,38.2680359161,40.4906458153,3331925793.15284
2020-03-25,40.4794591822,40.6961350847,38.5457446137,39.1512228445,3133347521.62985
2020-03-26,39.1729645424,40.1704622045,38.7872576266,40.1605970021,2827963692.046
2020-03-27,40.1833327212,40.5951905441,38.8859704006,38.9184757615,2962853270.05054
2020-03-28,38.8621801119,39.3298864526,37.1023746318,38.8737580011,3119837444.96939
2020-03-29,38.8652788283,38.9347503198,37.2105994746,37.3325425574,2683734232.70619
2020-03-30,37.2648557138,39.3247115335,37.2607261107,39.1382890399,3318334904.68658
2020-03-31,39.1191349815,39.3722985948,38.6815147419,39.2991017235,3359087002.31295
2020-04-01,39.2846867379,39.3808127935,37.4459364962,39.3808127935,3303999600.09414
2020-04-02,39.3634806602,41.6456432653,39.2540290494,39.8741666511,3985953572.41378
2020-04-03,39.8876318852,41.0844006619,39.6848152642,40.3591350365,3482692345.50905
2020-04-04,40.3445755375,40.8337257846,39.9644075198,40.6755571071,3229457621.90819
2020-04-05,40.6900380708,40.9998510643,39.9283256527,40.6701392662,3084146014.83406
2020-04-06,40.6587869495,44.4941980952,40.5449016696,44.3911219816,4287968686.90617
2020-04-07,44.4021357349,47.2017403694,44.1148590226,44.6679293023,4391267712.70938
2020-04-08,44.6786218221,46.7538026564,44.3508329397,46.3198586605,3831132142.35118
2020-04-09,46.3480331019,46.58343586,45.174340599,46.384979059,3628019377.8433
2020-04-10,46.4003396927,46.4683522977,41.3318218387,42.2698123485,4008964132.66398
2020-04-11,42.2567405966,42.9668426517,41.6882483474,42.319097694,3374908252.44926
2020-04-12,42.3208349723,43.2869318142,42.0071983701,42.4502856975,3639638078.0167
2020-04-13,42.4992535213,42.4992535213,39.9590591657,41.2043423418,3998289643.77248
2020-04-14,41.2228598913,41.8236371443,40.6778205802,41.0538422628,3713345005.74459
2020-04-15,41.0800941391,41.7080286398,39.4498879366,39.5890692899,3696959520.5053
2020-04-16,39.6437155433,43.0142863212,38.6015597019,42.6890194035,4985504369.14096
2020-04-17,42.6750506128,43.2147933863,42.0009592167,42.7450355182,4096625537.59206
2020-04-18,42.751597185,44.3817670947,42.5335226189,44.3628974365,4508378328.65169
2020-04-19,44.3480039695,44.5068490165,42.5961061421,42.6347509363,4563334113.64323
2020-04-20,42.6746257585,43.3758739992,40.4629735894,40.8283842376,4293209435.20989
2020-04-21,40.8096225103,41.2619093605,40.4169690068,41.0401417473,3954491837.67891
2020-04-22,40.993272172,42.3201455769,40.6887679969,41.8874130999,4029531589.40831
2020-04-23,41.877737047,43.36736669,41.4332063229,42.9372154634,4757478697.50222
2020-04-24,42.9947101471,45.1722878894,42.9440370734,44.8104520943,4786600722.96816
2020-04-25,44.8152051325,45.6477684363,44.3702139862,44.7149101045,4769855703.6491
2020-04-26,44.7199188587,45.3399917084,44.312629986,44.6890881105,4687873110.9512
2020-04-27,44.6774318077,45.4198413034,43.8854606706,44.7100643154,4473729901.79975
2020-04-28,44.7381710148,46.3073019544,44.0748157464,46.0287034397,4413476560.65641
2020-04-29,46.0915220426,49.6221277075,46.0073262323,49.1813018894,5673988959.55956
2020-04-30,49.1478544925,50.9215583556,46.5838427403,46.7140196635,5724477325.2358
2020-05-01,46.7142629906,48.5964728133,46.7142629906,47.7917032671,4581731064.74131
2020-05-02,47.7703582429,49.567080405,47.4486616474,49.458046124,4453777870.91606
2020-05-03,49.464956584,50.0446789415,47.5501125989,48.2671574737,4667453994.48351
2020-05-04,48.2430275559,48.3462988772,46.0372907524,47.4734928621,4488284399.68675
2020-05-05,47.4502912976,47.905042386,46.3709670455,46.7872593824,4187625276.74312
2020-05-06,46.7689183892,47.7780150676,45.942866373,45.942866373,4575858023.40519
2020-05-07,46.019601892,48.0669633589,45.0315677792,47.3301149861,5080727910.02267
2020-05-08,47.307722767,48.5459760788,46.6290425158,47.8822184783,4780707207.36296
2020-05-09,47.839460364,48.9398345523,47.1330796597,47.2741842844,4740601427.72381
2020-05-10,47.2605951263,47.2605951263,40.5742259039,42.3676275585,5783062532.3629
2020-05-11,42.3582682204,42.8633289072,40.1357599005,41.699963956,5121746342.99833
2020-05-12,41.7392137934,42.6843147799,41.4127787822,42.1118797172,4734936547.00977
2020-05-13,42.0745335423,43.5482799168,41.9538082296,43.1345594842,4565388581.20666
2020-05-14,43.0949206292,44.2290151566,42.4794022938,43.9453353481,5023559797.7458
2020-05-15,43.9458401833,44.0640139835,42.4677075771,42.8339813618,4340414828.32034
2020-05-16,42.8513623233,43.7410737857,42.578531391,43.2128966229,3879155974.45045
2020-05-17,43.1803219971,44.3568152589,43.0963826812,43.6408354331,3901110454.15078
2020-05-18,43.6430736297,46.2446780692,43.5869963312,45.201073971,4473025830.81033
2020-05-19,45.2133106911,45.3836115033,44.3441040156,45.3836115033,3612370257.48515
2020-05-20,45.3874416638,45.9630070102,43.7165928631,44.1721261146,3448255431.61755
2020-05-21,44.1562361889,44.4478069295,41.8838621354,42.7427016799,3143718509.12128
2020-05-22,42.7303708122,44.5757944949,42.5117289172,44.2075809597,2908274408.15153
2020-05-23,44.2082470821,44.5331778742,43.7060817165,44.0331175953,2576920703.00041
2020-05-24,44.0185930647,44.3779570726,42.4426691353,42.4488927532,2656112321.47155
2020-05-25,42.4056742237,43.4387578576,42.0990769978,42.946129806,2701310001.58461
2020-05-26,42.9272004146,43.0073831755,42.1207935889,42.4320573872,2475471672.65155
2020-05-27,42.4090944532,44.0667533844,42.3687609561,43.8614325848,2757608482.2553
2020-05-28,43.8718440212,44.8626893448,43.5049300171,44.7586991888,2743046058.126
2020-05-29,44.7765335094,45.3771912844,44.3245272649,44.6524651388,2632197768.39076
2020-05-30,44.6328647556,47.5409406079,44.2264580631,47.5386308694,2852777896.14851
2020-05-31,47.5392787863,47.5650489711,45.3240704583,45.5918862062,2637761668.4701
2020-06-01,45.5742285993,48.3954386559,45.4253246518,48.1252314129,3035652543.75117
2020-06-02,48.0943906087,49.7612567905,45.2619666468,45.9235168753,3060955004.7598
2020-06-03,45.9298361924,47.6312394642,45.6632533313,47.1728944419,2691495449.29311
2020-06-04,47.2006322834,47.9944812486,46.5750461401,47.6375950009,2697436350.30655
2020-06-05,47.6744357385,47.9185682765,46.8708203706,47.0531461102,2551367877.83783
2020-06-06,47.0667255198,47.3244320129,46.428372105,46.7319576399,2160092222.16577
2020-06-07,46.7440193125,46.9386507115,45.3872319426,46.6680020423,2385218875.13083
2020-06-08,46.6591668917,46.8799835984,46.0580069218,46.4739739567,2357747091.1956
2020-06-09,46.471441879,46.7379280356,45.665775429,46.0694141316,2141209283.47292
2020-06-10,46.0692691571,46.8922850463,45.8945099338,46.679975955,2146762420.91925
2020-06-11,46.683580845,46.9038165597,42.9690403866,43.5147089885,2554226324.93505
2020-06-12,43.5007242977,45.2738162565,43.1179130665,44.8280540657,2260548555.62424
2020-06-13,44.7937081057,45.1885562596,44.4586978625,45.0945597014,1739835590.49086
2020-06-14,45.1038274752,45.1038274752,43.8910381758,44.0845262782,1782403292.19571
2020-06-15,44.0845262782,44.2029896279,42.0937302039,43.9142947576,2090717317.63811
2020-06-16,43.9089604554,44.2807281246,43.4851365377,43.8772572304,1841455099.00868
2020-06-17,43.8824437711,44.8145603256,43.3642713192,44.0323571468,1996899441.71305
2020-06-18,44.0323571468,44.1240517883,43.1413108824,43.5601306725,1576467271.68423
2020-06-19,43.5563674866,43.6840909371,42.6036388456,42.6798340597,1712639221.64593
2020-06-20,42.6462746799,43.7836433011,42.6312279483,43.3468148986,1500492583.2482
2020-06-21,43.3373444634,43.75585303,43.0270294263,43.0874430406,1362753187.38944
2020-06-22,43.1092540781,44.3364414396,43.0724035258,44.1880040047,1659721584.30326
2020-06-23,44.1949885421,44.3181560377,43.6243780923,44.1792795826,1365925951.31965
2020-06-24,44.1881401803,44.529106461,42.7093515331,42.8438267545,1493695398.24778
2020-06-25,42.8628364155,43.0261055576,42.2114563327,42.5635312669,1311840192.70074
2020-06-26,42.5643029462,43.5618793893,41.756686886,43.3207845604,1714646169.04332
2020-06-27,43.2809069224,43.4517085194,40.7546462503,41.5555597068,1453347399.97297
2020-06-28,41.5555597068,42.0183114287,40.778220585,41.4082684808,1337385785.85688
2020-06-29,41.4275344144,41.9985651878,41.0197617214,41.851033724,1668680719.47834
2020-06-30,41.7439642696,41.9726642055,41.0252432202,41.467792031,1390313389.08939
2020-07-01,41.4335402822,42.1901347733,41.2865374356,41.6992451626,1220528739.71764
2020-07-02,41.7367193952,41.9346408938,40.6564582688,41.485733934,1339074368.92804
2020-07-03,41.4718551843,41.6816138767,41.0453903137,41.2051361781,1122905125.60956
2020-07-04,41.1731510688,42.1729059103,41.1341860434,42.0665336798,1173145659.48157
2020-07-05,42.0221609956,42.1583587376,40.9852387607,41.5980741734,1170070064.99734
2020-07-06,41.5980741734,44.1473934176,41.4956711083,43.9634934418,1743603777.61938
2020-07-07,43.9634934418,44.2248646985,43.1087582731,43.318246803,1360983975.64955
2020-07-08,43.3183982416,45.4100049191,43.1721222083,45.2007464992,2161892497.59712
2020-07-09,45.1884883367,45.7086908391,43.8301140026,44.537455499,1985305536.08217
2020-07-10,44.5053657904,44.5323077631,43.5465818724,44.2461161011,1840301461.97507
2020-07-11,44.2506570811,44.7062792137,44.0051449635,44.6770783243,1764984238.04459
2020-07-12,44.6877664498,45.1826431537,44.0602491185,44.6361015957,1598865182.29047
2020-07-13,44.6361015957,45.3067233974,43.2366702579,43.9197957494,1724704949.58495
2020-07-14,43.9692212663,44.0015628243,43.1406517977,43.8028646234,1882872130.30123
2020-07-15,43.7903751757,44.0090566148,42.9914272098,43.2789554995,1809900341.84104
2020-07-16,43.2638287626,43.4039734605,41.4747998676,42.0354372418,1543731673.06773
2020-07-17,42.0412717164,42.3414320013,41.7791139519,41.9128156487,1336746649.55264
2020-07-18,41.9082679572,42.8302506432,41.7826335775,42.4258660428,1141296420.58576
2020-07-19,42.4258660428,42.6979784172,41.8836091836,42.5527285593,1140767148.58608
2020-07-20,42.5511598448,42.7064631171,41.6423370213,41.9758095397,1152077278.88084
2020-07-21,41.9739939574,43.9283296276,41.8858178957,43.6161484436,1384220461.94518
2020-07-22,43.6067889351,45.0008415378,43.3192582756,44.9361162149,1383704375.89545
2020-07-23,44.9395942807,45.4666514084,44.5775103895,44.8500769428,1775727714.0166
2020-07-24,44.8501061583,44.8804764947,44.0588428712,44.1825405578,1620747746.26157
2020-07-25,44.1072597097,49.1624025752,44.0678942699,48.8047660378,2433671617.82848
2020-07-26,48.8365868688,50.3788017724,47.7157794236,47.9787189689,2587129919.81623
2020-07-27,47.973756502,54.9314878013,47.5211104087,52.9500269171,3397559596.41403
2020-07-28,53.0609860906,57.130966337,51.903346228,55.5752050111,3293197775.31239
2020-07-29,55.5917036065,56.6927281832,55.0300915228,55.172003914,2572759911.14937
2020-07-30,55.1008431296,57.9710425566,54.0768771053,56.6431120818,3015740897.77759
2020-07-31,56.6548489809,58.7386951115,55.8264439784,57.9981370878,2461431453.76366
2020-08-01,57.9981370878,61.6631757231,57.5049235497,61.2932257936,3124975566.80368
2020-08-02,61.2595242828,64.4590489183,55.8025895903,56.6414437378,3499183525.5598
2020-08-03,56.6248988719,59.6449560076,56.1366650263,58.4689028287,2250487587.30597
2020-08-04,58.4623540254,59.4159214682,56.8005086039,57.5330539995,2088598737.57365
2020-08-05,57.576204904,59.7658518908,57.1174503855,59.0107062603,2144590018.97174
2020-08-06,58.9869314897,60.5639358051,57.9760652269,59.1642651955,2241049268.51372
2020-08-07,59.1483009616,60.8412639512,55.8717274253,57.2455320689,2756992175.16657
2020-08-08,57.2058673918,58.5429404673,56.6513613475,58.1292058771,1726820322.75461
2020-08-09,58.2280473,58.6600800027,56.4997455221,57.1390300832,1601010109.76801
2020-08-10,57.1167575508,59.2428949889,57.1167575508,58.2888458402,2247183310.2845
2020-08-11,58.2888458402,59.4397777984,53.2312508241,54.3868431639,2754950222.31597
2020-08-12,54.3663917555,55.5585624206,52.3228576096,54.9685845564,2450391467.45975
2020-08-13,54.9887184089,57.8620040962,52.3487258376,57.7413164128,2843622469.16237
2020-08-14,57.7012995332,57.9807882567,56.3573265733,56.7531225417,2476128673.94221
2020-08-15,56.7263603765,60.3761546745,56.7263603765,59.9278096841,3063536363.07477
2020-08-16,59.942123357,64.2893152108,59.3307725804,63.8265431873,3595771595.18455
2020-08-17,63.8265431873,68.519517639,61.881556183,67.0280413512,3997651593.50445
2020-08-18,67.0561597391,68.0329605806,64.278193522,65.5275349573,3627257059.87757
2020-08-19,65.5546466998,66.9671864374,59.5731762019,62.0046272,3345972244.25499
2020-08-20,62.019967475,63.5305289308,61.2846416381,62.9667554141,2801314590.87562
2020-08-21,62.9059718456,63.6499854122,59.1733596947,59.3790194322,2911090514.97971
2020-08-22,59.3630572454,60.4617038702,58.2885455204,60.3111581139,2317942995.79211
2020-08-23,60.2628016174,61.4889619295,58.3403872327,60.6232590082,2315616100.32423
2020-08-24,60.6232590082,62.8200989958,60.271562193,62.1994253798,2490426541.5145
2020-08-25,62.2151001405,62.3419682228,57.2675570221,58.580665319,2625416624.11614
2020-08-26,58.4420390365,58.9923828846,57.213589404,58.3581744809,2067102731.57214
2020-08-27,58.2987018809,59.1599061683,54.7950979351,56.0410167987,2212235186.8756
2020-08-28,56.1039632235,58.1675848788,55.5663732668,57.3544031071,2206041300.87794
2020-08-29,57.4388753562,58.2269436126,57.1300518942,57.2917326223,2006047085.91354
2020-08-30,57.2077381287,62.7981744145,57.1710242534,62.7253399279,2759602453.5568
2020-08-31,62.8440599863,63.4912577846,60.7515617298,61.1137981319,2561891271.70708
2020-09-01,61.105076263,64.1839618027,60.3869832438,62.8827905195,2717986648.53249
2020-09-02,62.8713254697,63.0707221646,57.1398092822,58.0996476745,2790169259.75568
2020-09-03,58.0130831641,58.530818334,47.0593829923,47.7741123635,2765272845.17929
2020-09-04,47.7792157559,52.3330232452,47.1853234426,50.6119782328,2851271830.35431
2020-09-05,50.619231725,51.3180968615,46.1464609934,47.5893384612,2831766569.95686
2020-09-06,47.596559321,48.89556719,46.6226647647,48.0535719514,2075916067.3703
2020-09-07,48.0339245923,49.0719524258,45.6216618956,48.7701082231,2235340012.82713
2020-09-08,48.8051246313,49.3000161228,46.2023783898,47.3838017713,2314205962.72695
2020-09-09,47.3773584258,48.8466701296,46.7013794302,47.8976985244,1828181736.12025
2020-09-10,47.9231949818,49.3843850635,47.9034963818,48.7168545788,2001211523.66201
2020-09-11,48.7168545788,49.4097368562,47.4020741715,49.0897533924,1835173088.72566
2020-09-12,49.0577262016,51.22113659,48.672414696,50.8171554475,1588978329.44472
2020-09-13,50.7609289416,50.931420213,47.5253141667,48.0660362632,1785910878.17641
2020-09-14,48.0496593759,49.9448166737,47.4385578958,49.0901243898,1786276097.83133
2020-09-15,49.1173629479,50.1446811696,48.3478037471,48.3900977394,1663112038.17288
2020-09-16,48.459633023,48.7923549576,47.4674085392,47.9334342191,1674030601.74564
2020-09-17,47.9806697434,49.4798141343,47.8751950711,48.8770684161,1701721112.7348
2020-09-18,48.8282752512,49.0777113711,47.7917128733,48.4628155663,1135775839.84477
2020-09-19,48.4815863908,49.0327961859,48.2080392178,48.6768315998,961716690.429441
2020-09-20,48.6679390266,48.6705577742,46.4311024766,47.1005298007,1033913349.54831
2020-09-21,47.12913921,47.6491589616,42.5432715031,43.3902204952,1923483522.62691
2020-09-22,43.3594640625,44.7654050839,43.1172981256,44.5450490029,1078696493.53339
2020-09-23,44.48606646,45.0760632,42.73939432,43.05768754,1676705751.1916344
2020-09-24,43.04633579,45.17330681,42.7549285,45.03985641,2070966439.784474
2020-09-25,45.04555043,46.56650385,44.15079564,46.08631106,1849539131.559341
2020-09-26,46.10317338,46.5195845,45.36458091,46.18892213,2123570272.3415184
2020-09-27,46.09133224,46.59180835,45.06353281,46.09169507,2217192655.913156
2020-09-28,46.11062817,46.96243025,45.28989234,45.35554024,1923868466.4168465
2020-09-29,45.2980506,45.87041394,45.02056635,45.7965638,1790368154.8845632
2020-09-30,45.80676129,46.71512081,45.49448684,46.37146092,1979505098.7178948
2020-10-01,46.42695676,48.51370148,45.56579806,46.31350634,2558851054.367963
2020-10-02,46.34896359,46.95109045,44.20128753,44.92397278,2201641712.643124
2020-10-03,44.90569601,46.13040007,44.78174405,45.58177105,1707844978.447004
2020-10-04,45.58098359,47.04055141,45.45300884,46.7301051,2034541386.8666337
2020-10-05,46.74247722,47.10509949,45.69383343,46.36322602,2349391994.716336
2020-10-06,46.35686363,48.08342386,45.67325547,45.98552988,3013107749.462639
2020-10-07,46.00466502,46.98228419,45.2439447,46.66047943,2167187221.304284
2020-10-08,46.68059602,47.48843349,45.83724523,47.2183813,2350341453.898749
2020-10-09,47.21605408,48.27327026,46.71034841,47.83295548,2250628685.050657
2020-10-10,47.77711898,50.4080035,47.77711898,48.92109624,2781995603.67051
2020-10-11,48.91491036,51.24394499,48.86531813,50.72790178,2601103256.91166
2020-10-12,50.6157066,51.52434292,49.5361247,50.74381819,2646408249.38879
2020-10-13,50.68304102,50.68304102,49.12694202,49.94064077,2177774803.261627
2020-10-14,50.00718207,50.9756201,49.4154333,49.84649026,2213563865.7720084
2020-10-15,49.82561271,50.24879236,49.05896098,49.4903711,2340485564.702154
2020-10-16,49.53492964,49.90191271,46.21237744,47.69287458,2331529601.407996
2020-10-17,47.74718763,47.74718763,46.74617845,47.05392769,2169301015.927744
2020-10-18,47.05941925,47.87819794,46.97338914,47.61954565,2636565895.06988
2020-10-19,47.64145838,48.49648626,46.9943724,48.09891537,1771107656.4437065
2020-10-20,48.10254703,48.44024049,46.68516081,47.05102987,1757468523.4764614
2020-10-21,47.06284438,54.54841206,47.0556918,53.04532907,3534993795.924433
2020-10-22,53.01589059,56.06055493,53.00957637,54.26727705,3814584794.1170425
2020-10-23,54.29941045,56.66780484,53.18261617,55.23868781,3519541892.342998
2020-10-24,55.23872728,59.32523287,54.81454371,59.0955865,3899047276.9470153
2020-10-25,59.09558573,59.77090097,56.66129979,58.67479959,3725652470.166292
2020-10-26,58.67482091,59.09711186,55.21321842,56.74577824,3701855843.4245367
2020-10-27,56.745752,58.88512925,56.51086444,57.81605141,3431678161.797128
2020-10-28,57.81607809,60.30220479,54.71086392,55.74251071,3786206312.370093
2020-10-29,55.74255874,56.3043084,53.46005389,54.76585539,3010404351.657304
2020-10-30,54.76595933,55.57055554,52.52662612,53.83503374,2563994174.216836
2020-10-31,53.83503896,56.10519623,53.5333831,55.59026116,2657420659.229739
2020-11-01,55.59025858,55.97421507,54.25963554,55.5876231,2045991009.6415088
2020-11-02,55.58732282,56.71083261,53.20594432,53.81748107,3019889901.9220366
2020-11-03,53.81741114,54.27239952,51.64844616,53.81962176,2580300878.5952992
2020-11-04,53.81946799,55.00708862,51.60655985,54.49910437,3050534139.302113
2020-11-05,54.50187233,59.22379265,54.50187233,58.67849616,3250514598.5033803
2020-11-06,58.6761929,63.28035436,58.46535171,63.13111235,4083503372.652666
2020-11-07,63.13111282,64.40208253,57.59221141,59.14364748,4320946722.034139
2020-11-08,59.14364603,61.81282144,58.88123822,61.05504665,2560316021.462851
2020-11-09,61.05501632,61.77643009,57.84232666,59.36388331,2791720300.166694
2020-11-10,59.36546808,59.6573871,57.59749488,58.23734357,2269831642.51742
2020-11-11,58.23726481,60.54831693,58.20498095,59.51502792,2580790978.692147
2020-11-12,59.51454995,60.449734,58.30534579,60.36537784,2506731800.707592
2020-11-13,60.36493658,66.0211817,60.31187303,65.45720007,4324936978.348148
2020-11-14,65.45720033,65.83606793,61.92699078,63.77414998,2879859655.0079217
2020-11-15,63.77415462,64.14686493,61.23452072,62.27992055,2565763409.670171
2020-11-16,62.2799165,71.99732369,62.17103567,71.32624469,5089779253.858124
2020-11-17,73.50112549,76.43459382,71.23477418,75.85234021,5781117491.106259
2020-11-18,75.84985908,76.44736035,69.62852789,73.69493456,6120728271.248394
2020-11-19,73.6956781,83.21234249,71.79659774,81.68366667,6615851204.195962
2020-11-20,81.68363162,85.17499878,80.26535304,82.583154,6264878329.032952
2020-11-21,82.58315583,88.00359732,80.65087614,86.41011587,6565673514.25266
2020-11-22,86.41011651,87.64380472,79.64609536,82.70420982,6285046851.570592
2020-11-23,82.7042841,90.16441021,81.18516913,89.03931421,7198913664.205929
2020-11-24,89.03275483,93.57601888,86.83166234,89.20537318,7748145324.97465
2020-11-25,89.20350375,90.41155477,79.86410056,81.88012987,6033297330.561163
2020-11-26,81.87519604,83.07267825,65.2253476,70.86572109,8965913475.83206
2020-11-27,70.88437192,73.46366381,65.95252085,69.12387404,5874999214.236177
2020-11-28,69.13182582,74.83356752,68.5529928,72.69296617,4784394517.599638
2020-11-29,72.69962523,80.78340124,71.73285655,79.23506852,5314384737.924187
2020-11-30,79.21046385,88.12899469,77.06701835,87.57463257,6812463306.762854
2020-12-01,87.57659687,92.27678029,81.31421095,85.43576677,9818290618.393703
2020-12-02,85.43755926,90.10536306,83.39522178,88.85651249,7713268209.602632
2020-12-03,88.87646389,91.12335393,85.80731641,89.09896529,6014261403.545915
2020-12-04,89.10392619,89.6021062,78.76920628,80.01707227,5444117736.021349
2020-12-05,80.00739522,84.16855514,79.15448736,83.11872986,4517680975.427282
2020-12-06,83.11591333,85.03716643,80.6024347,83.55533607,3454805956.9420943
2020-12-07,83.54549582,86.72644815,81.93323044,83.62405876,4312326195.624626
2020-12-08,83.61647292,84.71400356,75.9764991,76.7486542,4230876095.352468
2020-12-09,76.73840362,78.09993744,72.61897806,77.41098045,4239672634.344391
2020-12-10,77.41220839,77.57532754,73.4713269,74.82955647,3007098971.4569097
2020-12-11,74.82575097,74.85487636,70.23130499,72.08733437,3761860017.26427
2020-12-12,72.07871024,77.51998519,72.07871024,76.70689387,2966684035.283093
2020-12-13,76.71316723,83.88901833,75.65929903,82.00063841,3845040542.8117576
2020-12-14,82.02944863,82.87446019,79.42679414,82.36316054,3459910049.233623
2020-12-15,82.3643764,84.70834179,80.69971919,81.40067395,3727495995.808385
2020-12-16,81.41154523,92.84606924,79.03235666,92.78968506,6152647269.902346
2020-12-17,92.79939593,109.23464096,91.14077631,100.95957532,11165000706.036356
2020-12-18,100.9890498,112.25075821,99.55088741,109.3845096,10096427748.890268
2020-12-19,109.36553247,123.75543381,105.68601368,120.5589091,9859343632.431286
2020-12-20,120.49281413,122.73542241,110.77295938,114.66599272,8652067110.29945
2020-12-21,114.66831188,118.01512955,101.59909106,105.00539486,9903839432.84216
2020-12-22,104.95057713,114.02956909,98.86866881,113.6803674,11221164987.210323
2020-12-23,113.67897291,116.88765722,96.26966248,101.81706223,12287537836.434605
2020-12-24,101.89503837,111.93287027,99.60632996,111.56539901,10108653753.092045
2020-12-25,111.51172727,128.02589315,108.58560584,126.98359867,11678543063.11485
2020-12-26,127.07919192,134.73513698,125.13355827,129.45920297,12680207148.444298
2020-12-27,129.45661976,138.31971891,123.09740567,127.51696969,14103307412.12148
2020-12-28,127.58830461,136.18507707,127.07134023,130.05033199,10248729546.812918
2020-12-29,130.03325988,130.6085756,121.18720272,129.04079724,9160551332.085058
2020-12-30,129.06185334,132.4501249,123.44434197,129.46607253,8127317344.906678
2020-12-31,129.48028308,130.16624481,123.03648273,124.69032593,6274573135.091262
2021-01-01,124.67276875,133.18576159,123.3280824,126.23034575,7326980727.501806
2021-01-02,126.2729683,140.37257864,123.69362144,136.94489094,10532067985.16846
2021-01-03,136.94940459,163.89864164,135.73991123,160.19058561,15385661270.66556
2021-01-04,160.27116955,173.02782158,143.62395457,154.80732008,13659785704.43594
2021-01-05,154.89755451,162.85018341,147.4000648,158.59477629,10192818975.804243
2021-01-06,158.6659751,169.65745305,155.45286853,169.01692345,10743884477.18438
2021-01-07,169.06821554,180.87338378,162.80655615,169.61595798,13099581396.103722
2021-01-08,169.64152045,181.76662783,151.65024691,173.27987445,14705614969.273794
2021-01-09,173.25375311,179.09007582,164.15248812,177.4839356,11136779198.255386
2021-01-10,177.47718757,185.78035009,163.78479688,171.11484357,12774461582.482088
2021-01-11,171.09483683,171.09483683,114.95646036,139.25223125,17994263494.320496
2021-01-12,139.07997911,146.71639143,128.92659076,132.63591652,11898878221.661873
2021-01-13,132.65894013,147.87789882,126.86204917,147.42134739,8421748673.281516
2021-01-14,147.37973893,156.56693072,144.18278935,152.08457372,8271411809.602127
2021-01-15,152.11152757,155.11723063,132.19332807,144.23754971,8416625031.367801
2021-01-16,144.18818214,152.06082757,140.0020146,144.26541965,7183807955.380072
2021-01-17,144.22483575,146.82422678,137.06950224,142.43082129,6098835632.654591
2021-01-18,142.43465387,154.52570111,138.8114376,152.14408514,6640211537.689394
2021-01-19,152.1975503,165.92430334,150.48788433,153.48742764,9314780274.81002
2021-01-20,153.35609389,156.13849523,139.0926983,149.93142516,9002037329.597635
2021-01-21,149.94409338,149.94409338,126.23420222,130.13350488,8703006148.310465
2021-01-22,130.07383659,141.01550738,123.64692639,137.27145938,8550579025.232139
2021-01-23,137.19769689,142.33926704,135.11137757,137.75099018,5380627901.485251
2021-01-24,137.73870229,142.65240177,134.47839626,141.47731078,4972171240.3747225
2021-01-25,141.43827545,147.15027978,137.00993743,137.44420046,6344860290.458461
2021-01-26,137.43291758,139.5409646,128.86641189,134.75526433,5897389103.375538
2021-01-27,134.75145319,134.86264312,118.78751243,122.94947331,6281091791.743559
2021-01-28,122.94125225,135.79154223,121.53635482,133.48693077,5828235786.19
2021-01-29,138.21851627,144.95843537,132.16176323,135.01257048,8878892081.98
2021-01-30,134.99925649,135.90340191,128.91656559,133.40001778,6332391807.09
2021-01-31,133.41803354,134.70370149,126.25299168,129.5708153,4539387378.35
2021-02-01,129.57459556,136.13021776,126.35045078,131.95193202,5607159827.99
2021-02-02,131.95291477,145.53291054,131.95291477,142.50697498,7552216052.33
2021-02-03,142.47672784,155.89230481,142.16775169,155.61203291,8586975076.37
2021-02-04,155.65647749,158.08877892,142.41408758,145.14818702,7811659279.62
2021-02-05,145.15064052,156.53530341,144.31818175,154.85221567,7359451679.74
2021-02-06,154.85407922,163.43093984,150.51277424,155.71474239,8323878876.17
2021-02-07,155.66953398,157.12864298,145.66253495,151.14007922,6884924122.5
2021-02-08,151.1075191,168.26593841,148.12272508,167.21905755,8863883925.54
2021-02-09,167.21399192,183.64448377,164.68781818,182.1144683,10156352233.05
2021-02-10,181.9874533,194.18298892,172.25544802,182.1743915,12820808288.59
2021-02-11,182.06273719,192.50487575,176.55453557,184.49599958,9278994120.72
2021-02-12,184.3871481,199.41686566,178.12335524,197.23171013,10839370442.96
2021-02-13,197.23432551,228.38445294,192.91963978,226.22760116,16565513036.4
2021-02-14,226.28587053,229.2051519,210.10167637,214.430273,12902511398.51
2021-02-15,214.32499004,219.63850531,192.12123961,207.68101945,13482646965.54
2021-02-16,207.61043662,221.05158847,201.29598743,210.5465771,12666436004.37
2021-02-17,210.56902482,236.97352307,204.24292916,236.97352307,13792789978.03
2021-02-18,236.94925508,238.19660684,221.5928946,226.86954839,7889078633.18
2021-02-19,226.89929294,241.16129144,220.95677653,236.67601167,7151082977.67
2021-02-20,236.65491307,245.95752689,216.64165633,227.61989221,8208699024.51
2021-02-21,227.51961895,233.14799259,220.98374746,227.23135545,6934669818.28
2021-02-22,227.22382342,227.2348039,182.52764395,208.10679546,9523044214.73
2021-02-23,208.12340694,208.36966972,159.68467323,176.93491521,10944696471.9
2021-02-24,176.96676884,189.16545931,169.78900887,181.37850129,7205360251.75
2021-02-25,181.38542235,204.74384168,176.03214532,178.90184288,7327999233.19
2021-02-26,179.12851877,182.07584389,163.24824835,170.39815323,7875998385.95
2021-02-27,170.43142308,179.92987158,167.90878908,172.10044726,4991079436.63
